Order_ID,Customer_ID,Product_ID,Quantity,Order_Date,Order_Time,Delivery_Date,Delivery_Time,Location,Occasion,,
1,C037,67,5,24/2/2023,23:48,5/3/2023,7:27,Bardhaman,Anniversary,,
2,C019,41,2,7/11/2023,23:30,13/11/2023,7:16,Jaipur,Diwali,,
3,C029,67,5,14/7/2023,19:12,19/07/2023,17:39,Bilaspur,Anniversary,,
4,C012,14,5,10/7/2023,4:44,19/07/2023,6:33,Guwahati,Birthday,,
5,C078,58,2,11/2/2023,19:44,18/02/2023,11:08,Rajkot,Valentine's Day,,
6,C040,28,4,20/08/2023,22:11,26/08/2023,19:06,Sirsa,Raksha Bandhan,,
7,C009,45,2,8/5/2023,1:45,13/05/2023,10:07,Nanded,Birthday,,
8,C097,43,3,8/11/2023,19:20,14/11/2023,8:44,Morena,Diwali,,
9,C044,27,4,20/08/2023,23:39,29/08/2023,23:59,Rajkot,Raksha Bandhan,,
10,C099,56,3,26/02/2023,0:17,8/3/2023,20:47,Ambala,Anniversary,, 
11,C065,16,4,2/3/2023,20:14,3/3/2023,23:19,Belgaum,Holi,,
12,C097,38,3,12/7/2023,8:28,20/07/2023,23:34,Karnal,Birthday,,
13,C024,20,3,24/2/2023,16:47,4/3/2023,2:27,Gandhidham,Anniversary,,
14,C042,60,1,8/11/2023,3:46,15/11/2023,12:08,Bilaspur,Diwali,,
15,C069,21,5,26/08/2023,2:52,30/08/2023,13:26,Pune,Raksha Bandhan,,
16,C013,20,3,16/02/2023,15:06,20/02/2023,22:14,Khammam,Anniversary,,
17,C056,60,2,4/11/2023,11:31,13/11/2023,18:40,Kota,Diwali,,
18,C072,23,4,10/12/2023,10:46,11/12/2023,0:20,Moradabad,Anniversary,,
19,C072,62,4,7/3/2023,7:59,8/3/2023,3:04,Vijayanagaram,Holi,,
20,C011,52,1,11/2/2023,14:36,14/02/2023,1:34,Madurai,Valentine's Day,,
21,C090,32,1,9/2/2023,11:20,12/2/2023,11:36,Bathinda,Birthday,,
22,C054,43,1,9/11/2023,1:05,14/11/2023,9:49,Tenali,Diwali,,
23,C041,12,3,5/5/2023,5:28,6/5/2023,12:12,Ludhiana,Anniversary,,
24,C018,42,3,25/07/2023,5:10,3/8/2023,7:57,Durg,All Occasions,,
25,C091,30,3,21/07/2023,10:46,24/07/2023,14:28,Panipat,Anniversary,,
26,C040,6,3,6/3/2023,5:03,12/3/2023,6:06,Amroha,Holi,,
27,C063,9,2,22/08/2023,11:16,30/08/2023,7:59,Raipur,Raksha Bandhan,,
28,C088,42,3,5/5/2023,3:25,10/5/2023,7:55,Guwahati,All Occasions,,
29,C064,10,5,22/09/2023,1:06,1/10/2023,14:29,Kollam,Birthday,,
30,C044,23,4,13/01/2023,9:23,15/01/2023,13:36,Bulandshahr,Anniversary,,
31,C029,7,5,28/02/2023,13:13,3/3/2023,23:35,Nandyal,Holi,,
32,C065,7,5,4/3/2023,15:36,5/3/2023,15:54,Pudukkottai,Holi,,
33,C047,8,3,15/04/2023,1:37,25/04/2023,2:13,Amroha,Anniversary,,
34,C071,17,2,1/10/2023,22:58,5/10/2023,5:36,Tirupati,Anniversary,,
35,C055,7,5,2/3/2023,16:10,5/3/2023,15:00,Asansol,Holi,,
36,C029,66,1,4/3/2023,10:28,14/03/2023,8:14,New Delhi,Holi,,
37,C096,19,5,10/2/2023,11:01,15/02/2023,21:19,Katni,Valentine's Day,,
38,C067,37,3,11/11/2023,12:30,14/11/2023,12:24,Indore,Diwali,,
39,C054,43,2,2/11/2023,19:25,4/11/2023,13:28,Vellore,Diwali,,
40,C066,48,4,2/11/2023,14:15,5/11/2023,4:29,Raiganj,Diwali,,
41,C047,54,4,8/6/2023,19:19,10/6/2023,14:29,Saharsa,Anniversary,,
42,C080,35,1,26/02/2023,0:08,7/3/2023,17:18,Faridabad,Holi,,
43,C046,49,3,12/2/2023,22:31,16/02/2023,2:47,Sambalpur,Valentine's Day,,
44,C006,14,1,17/07/2023,21:57,27/07/2023,10:48,Bhavnagar,Birthday,,
45,C097,61,5,28/04/2023,14:26,29/04/2023,6:16,Haldia,Anniversary,,
46,C059,22,4,18/04/2023,3:21,23/04/2023,8:02,Guna,All Occasions,,
47,C013,7,5,26/02/2023,13:04,28/02/2023,6:00,Jaipur,Holi,,
48,C031,65,4,12/11/2023,20:00,16/11/2023,5:31,Delhi,All Occasions,,
49,C020,43,1,11/11/2023,17:44,18/11/2023,13:49,Nangloi Jat,Diwali,,
50,C014,41,4,9/11/2023,6:56,16/11/2023,10:19,Jamalpur,Diwali,,
51,C036,10,1,15/03/2023,9:23,19/03/2023,16:46,Agartala,Birthday,,
52,C023,9,1,29/08/2023,19:55,7/9/2023,4:22,Hospet,Raksha Bandhan,,
53,C045,9,5,20/08/2023,8:25,27/08/2023,5:59,Kozhikode,Raksha Bandhan,,
54,C059,30,1,13/04/2023,9:55,23/04/2023,14:30,Ratlam,Anniversary,,
55,C040,5,1,8/2/2023,8:01,13/02/2023,7:42,Kottayam,All Occasions,,
56,C095,58,5,8/2/2023,12:11,13/02/2023,18:51,Danapur,Valentine's Day,,
57,C090,35,5,26/02/2023,8:00,6/3/2023,12:27,Ahmedabad,Holi,,
58,C077,36,1,6/1/2023,2:51,15/01/2023,8:26,Amravati,Birthday,,
59,C041,51,5,26/06/2023,3:56,28/06/2023,20:10,Thiruvananthapuram,All Occasions,,
60,C023,5,2,13/12/2023,6:46,15/12/2023,13:03,Darbhanga,All Occasions,,
61,C058,44,2,8/11/2023,22:26,10/11/2023,8:08,Panihati,Diwali,,
62,C074,6,4,2/3/2023,15:30,6/3/2023,23:51,Jorhat,Holi,,
63,C056,42,3,25/06/2023,6:22,26/06/2023,15:40,Munger,All Occasions,,
64,C015,25,1,12/6/2023,2:48,15/06/2023,22:05,Chittoor,Anniversary,,
65,C033,54,2,1/9/2023,13:02,11/9/2023,6:33,Berhampur,Anniversary,,
66,C017,35,5,26/02/2023,21:00,27/02/2023,6:25,Munger,Holi,,
67,C047,10,2,6/7/2023,17:28,14/07/2023,21:11,Thrissur,Birthday,,
68,C050,34,4,25/08/2023,22:43,31/08/2023,21:31,Ahmedabad,Raksha Bandhan,,
69,C091,12,4,2/9/2023,19:21,8/9/2023,9:30,Hyderabad,Anniversary,,
70,C037,17,1,28/09/2023,4:21,3/10/2023,11:44,Vijayanagaram,Anniversary,,
71,C013,9,5,20/08/2023,16:32,28/08/2023,13:31,Karnal,Raksha Bandhan,,
72,C058,26,3,3/3/2023,15:49,12/3/2023,17:34,Bally,Holi,,
73,C057,26,1,3/3/2023,12:52,11/3/2023,1:28,Farrukhabad,Holi,,
74,C024,31,3,1/1/2023,20:55,7/1/2023,9:02,Shivpuri,All Occasions,,
75,C009,65,2,6/4/2023,11:10,9/4/2023,23:00,Bally,All Occasions,,
76,C054,4,1,9/11/2023,5:13,12/11/2023,0:34,Anand,Diwali,,
77,C028,42,3,5/8/2023,1:07,13/08/2023,16:20,Kanpur,All Occasions,,
78,C062,11,2,4/2/2023,13:00,8/2/2023,20:31,Pallavaram,Valentine's Day,,
79,C010,40,2,1/6/2023,17:29,11/6/2023,7:34,Varanasi,Anniversary,,
80,C008,39,4,2/1/2023,11:07,11/1/2023,2:05,Salem,All Occasions,,
81,C053,1,5,22/02/2023,18:29,3/3/2023,7:09,Kalyan/Dombivli,All Occasions,,
82,C038,70,3,4/8/2023,22:02,5/8/2023,14:08,Gwalior,Birthday,,
83,C036,27,4,23/08/2023,19:12,2/9/2023,14:44,Asansol,Raksha Bandhan,,
84,C032,47,1,4/3/2023,3:31,6/3/2023,7:02,Tirupati,Holi,,
85,C041,26,2,4/3/2023,21:35,14/03/2023,14:48,Agra,Holi,,
86,C046,39,4,13/09/2023,11:27,22/09/2023,14:09,Sirsa,All Occasions,,
87,C055,2,5,4/2/2023,13:17,11/2/2023,23:06,Malda,Valentine's Day,,
88,C008,15,4,22/12/2023,10:02,1/1/2024,12:17,Avadi,Anniversary,,
89,C060,3,5,12/2/2023,22:56,13/02/2023,14:41,Aurangabad,Valentine's Day,,
90,C088,41,3,9/11/2023,20:54,18/11/2023,17:48,Shahjahanpur,Diwali,,
91,C061,6,2,27/02/2023,13:52,5/3/2023,13:23,Mahbubnagar,Holi,,
92,C100,18,5,15/05/2023,0:11,25/05/2023,11:17,Rohtak,Birthday,,
93,C047,24,4,1/5/2023,17:50,3/5/2023,18:35,Warangal,Birthday,,
94,C099,69,5,2/3/2023,14:51,11/3/2023,8:14,Purnia,Holi,,
95,C039,70,4,29/05/2023,7:54,3/6/2023,7:16,Narasaraopet,Birthday,,
96,C099,25,3,14/03/2023,15:00,23/03/2023,8:56,Latur,Anniversary,,
97,C041,41,1,3/11/2023,20:11,8/11/2023,1:35,Bhavnagar,Diwali,,
98,C031,8,1,30/10/2023,15:26,1/11/2023,16:34,Bulandshahr,Anniversary,,
99,C050,38,3,4/11/2023,14:00,5/11/2023,15:44,Burhanpur,Birthday,,
100,C055,42,5,9/5/2023,5:50,17/05/2023,5:30,Bhiwani,All Occasions,,
101,C064,70,4,19/06/2023,3:56,21/06/2023,6:18,Belgaum,Birthday,,
102,C081,10,3,28/10/2023,19:34,6/11/2023,7:06,Ozhukarai,Birthday,,
103,C097,18,3,1/2/2023,12:24,8/2/2023,22:51,Ichalkaranji,Birthday,,
104,C082,51,3,29/12/2023,1:45,5/1/2024,0:15,Ahmednagar,All Occasions,,
105,C063,36,2,11/2/2023,2:57,21/02/2023,1:34,Guna,Birthday,,
106,C095,41,2,6/11/2023,17:55,8/11/2023,23:00,Chinsurah,Diwali,,
107,C041,4,3,6/11/2023,10:18,12/11/2023,14:20,Gorakhpur,Diwali,,
108,C012,26,4,27/02/2023,9:03,5/3/2023,8:03,Berhampore,Holi,,
109,C074,50,5,27/02/2023,15:35,1/3/2023,8:38,Gandhidham,Holi,,
110,C075,26,2,4/3/2023,11:23,13/03/2023,8:27,Kishanganj,Holi,,
111,C009,8,3,21/06/2023,14:18,25/06/2023,21:03,Ramgarh,Anniversary,,
112,C023,37,3,11/11/2023,6:36,14/11/2023,15:50,Kochi,Diwali,,
113,C032,1,3,14/11/2023,15:30,23/11/2023,4:26,Bulandshahr,All Occasions,,
114,C009,40,4,3/2/2023,16:03,7/2/2023,2:22,Kirari Suleman Nagar,Anniversary,,
115,C095,57,1,28/04/2023,18:11,5/5/2023,11:36,Jhansi,Birthday,,
116,C009,4,3,11/11/2023,14:28,20/11/2023,5:25,Howrah,Diwali,,
117,C033,59,3,20/08/2023,18:50,22/08/2023,3:43,Loni,Raksha Bandhan,,
118,C035,62,1,27/02/2023,14:30,5/3/2023,10:32,Bhavnagar,Holi,,
119,C010,6,4,4/3/2023,11:02,12/3/2023,12:22,Fatehpur,Holi,,
120,C050,61,1,25/12/2023,22:26,31/12/2023,9:57,Kalyan/Dombivli,Anniversary,,
121,C048,33,3,5/2/2023,2:18,9/2/2023,7:29,Guntur,Valentine's Day,,
122,C083,24,5,3/10/2023,9:04,13/10/2023,3:15,Gulbarga,Birthday,,
123,C026,38,1,15/01/2023,0:31,25/01/2023,4:58,Malegaon,Birthday,,
124,C030,67,4,21/07/2023,8:44,23/07/2023,5:23,Bhilwara,Anniversary,,
125,C020,31,2,19/03/2023,9:12,25/03/2023,14:36,Kolkata,All Occasions,,
126,C040,19,5,4/2/2023,2:28,13/02/2023,13:16,Dharmavaram,Valentine's Day,,
127,C051,60,4,2/11/2023,14:04,3/11/2023,19:25,Dhanbad,Diwali,,
128,C065,12,3,6/3/2023,16:50,13/03/2023,15:11,Kochi,Anniversary,,
129,C051,67,2,17/02/2023,5:21,20/02/2023,8:17,Ramgarh,Anniversary,,
130,C070,10,5,22/04/2023,13:32,27/04/2023,22:01,Darbhanga,Birthday,,
131,C078,3,5,4/2/2023,20:30,11/2/2023,8:29,Satara,Valentine's Day,,
132,C045,49,4,4/2/2023,23:23,13/02/2023,19:55,Thoothukudi,Valentine's Day,,
133,C018,43,5,10/11/2023,15:51,16/11/2023,11:22,Tiruppur,Diwali,,
134,C036,69,5,5/3/2023,19:12,14/03/2023,4:58,Malda,Holi,,
135,C087,30,2,13/12/2023,10:20,14/12/2023,15:43,Bokaro,Anniversary,,
136,C036,56,1,5/9/2023,16:08,9/9/2023,22:12,Guna,Anniversary,,
137,C070,47,2,5/3/2023,16:06,11/3/2023,7:29,Warangal,Holi,,
138,C022,57,4,11/3/2023,9:33,18/03/2023,6:02,Siliguri,Birthday,,
139,C055,54,4,11/5/2023,4:14,16/05/2023,18:12,Amritsar,Anniversary,,
140,C015,47,1,4/3/2023,6:19,13/03/2023,21:29,Bharatpur,Holi,,
141,C062,35,4,28/02/2023,3:55,10/3/2023,2:31,Allahabad,Holi,,
142,C029,23,2,23/10/2023,2:31,27/10/2023,4:24,Bharatpur,Anniversary,,
143,C087,66,2,28/02/2023,7:37,10/3/2023,14:49,Ramagundam,Holi,,
144,C090,51,5,18/01/2023,9:01,23/01/2023,3:23,Srinagar,All Occasions,,
145,C055,59,5,29/08/2023,16:52,3/9/2023,13:04,Kumbakonam,Raksha Bandhan,,
146,C030,52,5,13/02/2023,18:23,16/02/2023,4:07,Vijayawada,Valentine's Day,,
147,C080,8,4,17/03/2023,19:28,23/03/2023,13:51,Jodhpur,Anniversary,,
148,C046,24,3,5/12/2023,2:09,7/12/2023,8:57,Gopalpur,Birthday,,
149,C008,5,3,6/10/2023,23:23,9/10/2023,20:09,Mangalore,All Occasions,,
150,C092,27,5,26/08/2023,7:18,29/08/2023,16:56,Bidar,Raksha Bandhan,,
151,C051,43,1,3/11/2023,21:42,10/11/2023,3:56,Jalna,Diwali,,
152,C084,51,2,27/02/2023,10:48,5/3/2023,16:39,Tiruppur,All Occasions,,
153,C094,16,4,4/3/2023,12:15,10/3/2023,6:04,Rewa,Holi,,
154,C049,45,5,21/11/2023,23:14,25/11/2023,2:04,Indore,Birthday,,
155,C023,23,3,1/5/2023,14:46,6/5/2023,0:00,Sambhal,Anniversary,,
156,C030,61,2,9/2/2023,8:20,12/2/2023,10:49,Ozhukarai,Anniversary,,
157,C019,35,3,26/02/2023,12:44,6/3/2023,11:35,Thiruvananthapuram,Holi,,
158,C007,35,2,3/3/2023,15:40,8/3/2023,2:53,Medininagar,Holi,,
159,C095,43,3,9/11/2023,21:31,11/11/2023,4:55,Davanagere,Diwali,,
160,C037,36,3,2/6/2023,0:28,10/6/2023,7:52,Moradabad,Birthday,,
161,C054,58,3,13/02/2023,3:08,14/02/2023,23:12,Karaikudi,Valentine's Day,,
162,C050,55,3,27/08/2023,6:14,5/9/2023,15:53,Barasat,Raksha Bandhan,,
163,C083,54,4,17/02/2023,19:50,25/02/2023,10:20,Ujjain,Anniversary,,
164,C063,14,5,25/04/2023,2:04,27/04/2023,11:49,Berhampore,Birthday,,
165,C058,40,5,6/8/2023,13:11,10/8/2023,8:37,Lucknow,Anniversary,,
166,C035,4,3,7/11/2023,23:05,10/11/2023,6:12,Madanapalle,Diwali,,
167,C019,37,4,4/11/2023,1:26,7/11/2023,15:16,Nangloi Jat,Diwali,,
168,C092,35,2,4/3/2023,15:36,7/3/2023,11:02,Bidar,Holi,,
169,C051,3,2,6/2/2023,10:28,16/02/2023,1:26,Shivpuri,Valentine's Day,,
170,C040,32,2,21/03/2023,11:58,27/03/2023,5:14,Kamarhati,Birthday,,
171,C071,54,3,30/06/2023,11:47,8/7/2023,12:27,Tiruvottiyur,Anniversary,,
172,C070,62,4,3/3/2023,4:40,8/3/2023,5:12,Patiala,Holi,,
173,C072,58,2,7/2/2023,23:15,13/02/2023,1:51,Deoghar,Valentine's Day,,
174,C048,4,3,3/11/2023,15:39,13/11/2023,18:06,Malda,Diwali,,
175,C042,31,1,13/10/2023,1:17,20/10/2023,7:22,Navi Mumbai,All Occasions,,
176,C039,17,2,10/3/2023,3:34,16/03/2023,17:24,Moradabad,Anniversary,,
177,C085,62,4,5/3/2023,1:49,7/3/2023,14:50,Satara,Holi,,
178,C097,61,1,14/11/2023,23:04,16/11/2023,2:14,Bhilai,Anniversary,,
179,C078,47,3,28/02/2023,15:16,10/3/2023,14:31,Vijayanagaram,Holi,,
180,C058,55,2,24/08/2023,16:40,27/08/2023,8:45,Nellore,Raksha Bandhan,,
181,C064,10,4,28/08/2023,5:55,6/9/2023,4:53,Howrah,Birthday,,
182,C070,2,1,8/2/2023,23:21,15/02/2023,6:07,Chennai,Valentine's Day,,
183,C082,48,3,9/11/2023,18:11,11/11/2023,15:29,Bahraich,Diwali,,
184,C027,52,3,11/2/2023,21:34,20/02/2023,5:00,Dharmavaram,Valentine's Day,,
185,C068,18,1,7/5/2023,7:10,17/05/2023,20:00,Raurkela Industrial Township,Birthday,,
186,C048,61,1,9/5/2023,9:09,11/5/2023,0:16,Kollam,Anniversary,,
187,C008,49,5,11/2/2023,21:10,16/02/2023,9:34,Anantapur,Valentine's Day,,
188,C067,22,5,18/09/2023,1:38,25/09/2023,14:02,Serampore,All Occasions,,
189,C016,57,1,19/11/2023,17:22,22/11/2023,13:21,Srikakulam,Birthday,,
190,C096,60,5,9/11/2023,12:33,13/11/2023,13:41,Darbhanga,Diwali,,
191,C012,24,3,12/10/2023,18:13,17/10/2023,8:50,Etawah,Birthday,,
192,C060,64,5,20/08/2023,12:28,21/08/2023,2:11,Vijayanagaram,Raksha Bandhan,,
193,C038,42,4,16/08/2023,23:44,19/08/2023,2:34,Nanded,All Occasions,,
194,C030,58,4,8/2/2023,11:41,9/2/2023,4:54,Pondicherry,Valentine's Day,,
195,C037,67,5,10/4/2023,5:33,17/04/2023,7:51,Jamalpur,Anniversary,,
196,C063,30,2,5/8/2023,9:37,13/08/2023,8:58,Begusarai,Anniversary,,
197,C095,45,2,22/03/2023,18:38,26/03/2023,3:30,Etawah,Birthday,,
198,C090,24,2,27/08/2023,22:33,4/9/2023,1:09,Phagwara,Birthday,,
199,C093,70,5,16/08/2023,1:54,19/08/2023,16:24,Bareilly,Birthday,,
200,C067,23,5,3/1/2023,20:04,8/1/2023,23:18,Agartala,Anniversary,,
201,C004,55,4,24/08/2023,4:40,30/08/2023,3:52,Dewas,Raksha Bandhan,,
202,C089,36,5,27/07/2023,8:13,1/8/2023,3:02,Bhimavaram,Birthday,,
203,C039,9,5,29/08/2023,5:39,8/9/2023,22:40,Vijayanagaram,Raksha Bandhan,,
204,C062,10,4,3/7/2023,10:46,9/7/2023,6:29,Jaipur,Birthday,,
205,C022,46,5,6/7/2023,5:17,9/7/2023,11:47,Davanagere,Anniversary,,
206,C099,68,3,11/2/2023,22:12,13/02/2023,12:42,Ulhasnagar,Valentine's Day,,
207,C078,6,2,5/3/2023,1:13,7/3/2023,12:15,Amravati,Holi,,
208,C001,18,5,2/4/2023,4:30,12/4/2023,7:06,Kulti,Birthday,,
209,C071,70,2,22/06/2023,0:44,23/06/2023,21:44,Hajipur,Birthday,,
210,C095,32,4,10/12/2023,0:46,15/12/2023,8:02,Aligarh,Birthday,,
211,C043,31,5,22/10/2023,18:14,29/10/2023,17:40,Orai,All Occasions,,
212,C093,7,2,28/02/2023,7:14,5/3/2023,20:01,Ozhukarai,Holi,,
213,C022,42,5,14/02/2023,8:26,24/02/2023,8:58,Dehradun,All Occasions,,
214,C099,13,3,1/3/2023,7:49,7/3/2023,8:27,Durgapur,Holi,,
215,C098,17,1,21/05/2023,3:54,24/05/2023,12:37,Katni,Anniversary,,
216,C004,23,1,3/10/2023,15:46,8/10/2023,20:46,Bhatpara,Anniversary,,
217,C042,53,4,27/08/2023,3:04,30/08/2023,16:42,Rajkot,Raksha Bandhan,,
218,C061,31,4,13/06/2023,22:55,16/06/2023,3:06,Gurgaon,All Occasions,,
219,C027,16,5,5/3/2023,0:36,11/3/2023,10:36,Bhimavaram,Holi,,
220,C001,26,3,6/3/2023,12:26,15/03/2023,14:41,Jalandhar,Holi,,
221,C076,28,4,21/08/2023,2:11,30/08/2023,14:00,Naihati,Raksha Bandhan,,
222,C099,6,5,26/02/2023,5:57,7/3/2023,18:20,Guntur,Holi,,
223,C051,49,2,5/2/2023,8:44,13/02/2023,10:17,Bhalswa Jahangir Pur,Valentine's Day,,
224,C028,34,1,24/08/2023,21:01,29/08/2023,2:06,Suryapet,Raksha Bandhan,,
225,C093,52,5,5/2/2023,12:12,6/2/2023,18:01,Arrah,Valentine's Day,,
226,C064,14,2,8/9/2023,8:48,12/9/2023,11:20,Hospet,Birthday,,
227,C004,24,4,25/12/2023,18:50,26/12/2023,14:09,Surat,Birthday,,
228,C035,36,1,10/3/2023,18:40,11/3/2023,10:30,Bijapur,Birthday,,
229,C079,49,3,11/2/2023,20:55,20/02/2023,9:32,Junagadh,Valentine's Day,,
230,C053,64,3,27/08/2023,8:27,1/9/2023,1:35,Mehsana,Raksha Bandhan,,
231,C093,64,3,24/08/2023,9:15,28/08/2023,21:13,Proddatur,Raksha Bandhan,,
232,C044,28,3,22/08/2023,12:06,23/08/2023,9:00,Nadiad,Raksha Bandhan,,
233,C098,64,4,26/08/2023,22:15,30/08/2023,4:07,Nizamabad,Raksha Bandhan,,
234,C097,42,1,24/03/2023,21:18,1/4/2023,0:36,Khandwa,All Occasions,,
235,C071,56,2,26/02/2023,14:26,3/3/2023,23:26,Bhilai,Anniversary,,
236,C044,23,5,3/9/2023,6:33,11/9/2023,2:10,Panvel,Anniversary,,
237,C024,55,1,26/08/2023,9:23,30/08/2023,8:19,Sasaram,Raksha Bandhan,,
238,C083,26,4,5/3/2023,7:56,11/3/2023,20:18,Jammu,Holi,,
239,C088,27,3,29/08/2023,8:33,6/9/2023,13:23,Gurgaon,Raksha Bandhan,,
240,C074,5,5,25/03/2023,6:03,30/03/2023,15:43,Darbhanga,All Occasions,,
241,C067,20,2,5/9/2023,9:52,7/9/2023,8:58,Indore,Anniversary,,
242,C012,21,1,23/08/2023,10:24,31/08/2023,16:02,Amroha,Raksha Bandhan,,
243,C043,3,1,5/2/2023,20:50,10/2/2023,12:30,Siwan,Valentine's Day,,
244,C041,65,3,20/03/2023,15:06,30/03/2023,7:06,Guntakal,All Occasions,,
245,C020,50,3,5/3/2023,6:25,11/3/2023,9:30,Noida,Holi,,
246,C017,69,5,28/02/2023,23:24,8/3/2023,0:38,Agra,Holi,,
247,C052,23,4,11/10/2023,5:58,16/10/2023,2:58,Gudivada,Anniversary,,
248,C044,19,5,8/2/2023,8:43,10/2/2023,4:15,Alwar,Valentine's Day,,
249,C003,14,2,10/9/2023,22:22,19/09/2023,23:17,Bareilly,Birthday,,
250,C086,37,5,8/11/2023,15:07,9/11/2023,1:32,Korba,Diwali,,
251,C051,7,4,28/02/2023,0:31,2/3/2023,0:19,Khora ,Holi,,
252,C040,69,2,26/02/2023,5:41,28/02/2023,8:11,Nandyal,Holi,,
253,C010,68,2,12/2/2023,14:24,14/02/2023,5:39,Bangalore,Valentine's Day,,
254,C093,1,5,7/7/2023,0:09,15/07/2023,5:27,Bhilai,All Occasions,,
255,C092,45,2,27/12/2023,3:42,6/1/2024,9:23,Suryapet,Birthday,,
256,C065,4,5,6/11/2023,19:13,14/11/2023,18:05,Suryapet,Diwali,,
257,C077,21,3,22/08/2023,15:42,24/08/2023,22:39,Chinsurah,Raksha Bandhan,,
258,C044,46,5,16/04/2023,5:40,20/04/2023,20:05,Vijayawada,Anniversary,,
259,C001,62,1,5/3/2023,15:21,10/3/2023,0:04,Sirsa,Holi,,
260,C100,69,5,6/3/2023,13:06,16/03/2023,22:22,Satara,Holi,,
261,C041,37,3,6/11/2023,14:03,12/11/2023,20:17,Malegaon,Diwali,,
262,C038,49,3,7/2/2023,8:05,11/2/2023,1:06,Tirunelveli,Valentine's Day,,
263,C081,57,4,12/3/2023,9:35,13/03/2023,15:22,Chittoor,Birthday,,
264,C010,52,3,9/2/2023,5:35,18/02/2023,15:43,Asansol,Valentine's Day,,
265,C060,58,1,10/2/2023,21:17,18/02/2023,6:28,Gudivada,Valentine's Day,,
266,C038,36,1,12/5/2023,13:46,13/05/2023,19:20,Sonipat,Birthday,,
267,C055,35,3,4/3/2023,13:38,12/3/2023,3:52,Chandrapur,Holi,,
268,C053,38,1,14/08/2023,7:45,23/08/2023,16:53,Katni,Birthday,,
269,C024,36,1,25/10/2023,1:12,26/10/2023,17:58,Raebareli,Birthday,,
270,C084,21,5,22/08/2023,20:21,1/9/2023,16:03,Avadi,Raksha Bandhan,,
271,C039,36,5,23/06/2023,18:27,30/06/2023,18:20,Patna,Birthday,,
272,C016,12,1,8/4/2023,9:40,18/04/2023,20:13,Kumbakonam,Anniversary,,
273,C047,10,2,22/11/2023,16:12,24/11/2023,1:52,Moradabad,Birthday,,
274,C078,41,5,2/11/2023,6:37,12/11/2023,20:53,Raebareli,Diwali,,
275,C028,29,1,2/3/2023,4:13,5/3/2023,1:17,Ranchi,Holi,,
276,C065,15,2,28/05/2023,1:34,1/6/2023,7:05,Muzaffarpur,Anniversary,,
277,C062,34,5,23/08/2023,19:16,29/08/2023,15:50,Bhilai,Raksha Bandhan,,
278,C044,1,2,20/06/2023,23:33,24/06/2023,5:42,Ballia,All Occasions,,
279,C067,23,4,24/11/2023,9:14,26/11/2023,17:51,Chinsurah,Anniversary,,
280,C003,19,3,7/2/2023,17:44,12/2/2023,16:31,Mangalore,Valentine's Day,,
281,C008,15,3,21/09/2023,20:36,25/09/2023,10:27,Nellore,Anniversary,,
282,C092,41,2,11/11/2023,10:20,19/11/2023,22:11,Mangalore,Diwali,,
283,C086,23,2,23/11/2023,2:51,30/11/2023,18:21,Erode,Anniversary,,
284,C057,17,1,10/8/2023,16:13,16/08/2023,11:21,Aurangabad,Anniversary,,
285,C082,7,5,26/02/2023,17:26,1/3/2023,12:52,Tirunelveli,Holi,,
286,C098,50,3,6/3/2023,20:05,12/3/2023,2:41,Mango,Holi,,
287,C011,7,5,3/3/2023,4:54,6/3/2023,15:39,Muzaffarnagar,Holi,,
288,C035,34,2,21/08/2023,15:58,23/08/2023,20:42,Ballia,Raksha Bandhan,,
289,C018,30,4,29/08/2023,23:40,6/9/2023,2:50,Imphal,Anniversary,,
290,C079,69,3,6/3/2023,10:27,10/3/2023,14:33,Alwar,Holi,,
291,C072,49,2,10/2/2023,0:12,11/2/2023,22:52,Nadiad,Valentine's Day,,
292,C053,54,1,27/09/2023,22:43,3/10/2023,1:44,Howrah,Anniversary,,
293,C003,1,4,4/9/2023,4:03,9/9/2023,18:10,Tezpur,All Occasions,,
294,C047,26,5,1/3/2023,21:04,3/3/2023,19:44,Nagpur,Holi,,
295,C079,18,1,29/05/2023,15:54,2/6/2023,10:06,Tadepalligudem,Birthday,,
296,C081,70,5,1/4/2023,11:55,11/4/2023,19:33,Tirunelveli,Birthday,,
297,C047,13,3,28/02/2023,20:15,5/3/2023,20:52,Phagwara,Holi,,
298,C057,3,1,11/2/2023,23:06,12/2/2023,2:17,Bahraich,Valentine's Day,,
299,C091,8,5,8/11/2023,11:51,17/11/2023,13:17,Vellore,Anniversary,,
300,C032,22,1,29/08/2023,19:20,8/9/2023,18:25,Tinsukia,All Occasions,,
301,C070,6,3,27/02/2023,6:24,4/3/2023,16:52,Kota,Holi,,
302,C071,25,4,24/10/2023,13:53,25/10/2023,17:13,Dhanbad,Anniversary,,
303,C051,14,1,20/11/2023,6:42,29/11/2023,7:08,Narasaraopet,Birthday,,
304,C088,67,3,12/3/2023,9:24,19/03/2023,23:09,Tiruchirappalli,Anniversary,,
305,C003,26,1,2/3/2023,0:10,10/3/2023,14:01,Lucknow,Holi,,
306,C085,49,4,4/2/2023,11:35,12/2/2023,6:38,Bellary,Valentine's Day,,
307,C042,3,1,4/2/2023,21:37,8/2/2023,11:28,Durgapur,Valentine's Day,,
308,C005,57,1,9/3/2023,7:54,12/3/2023,12:11,Haldia,Birthday,,
309,C071,60,4,10/11/2023,6:38,13/11/2023,5:14,Mangalore,Diwali,,
310,C061,38,3,20/08/2023,12:24,24/08/2023,15:42,Bhalswa Jahangir Pur,Birthday,,
311,C051,39,2,2/9/2023,9:26,12/9/2023,17:51,Mehsana,All Occasions,,
312,C044,9,1,22/08/2023,18:27,27/08/2023,6:01,Akola,Raksha Bandhan,,
313,C056,30,2,22/07/2023,19:24,26/07/2023,6:06,Thane,Anniversary,,
314,C029,43,4,5/11/2023,11:48,15/11/2023,4:55,Patiala,Diwali,,
315,C063,26,5,6/3/2023,14:21,9/3/2023,19:20,Ambattur,Holi,,
316,C048,2,5,11/2/2023,21:35,15/02/2023,7:21,Muzaffarnagar,Valentine's Day,,
317,C014,29,3,7/3/2023,18:51,15/03/2023,16:12,Ahmednagar,Holi,,
318,C038,26,5,7/3/2023,12:15,11/3/2023,15:59,Hosur,Holi,,
319,C044,64,1,20/08/2023,6:23,26/08/2023,22:44,Bikaner,Raksha Bandhan,,
320,C007,13,1,1/3/2023,7:49,8/3/2023,8:38,Bijapur,Holi,,
321,C049,12,5,8/3/2023,11:27,17/03/2023,9:51,Rampur,Anniversary,,
322,C056,15,1,11/4/2023,8:32,15/04/2023,3:30,Udaipur,Anniversary,,
323,C013,23,2,9/2/2023,18:13,10/2/2023,10:22,Khora ,Anniversary,,
324,C073,14,2,2/2/2023,18:47,11/2/2023,15:34,North Dumdum,Birthday,,
325,C091,27,5,25/08/2023,18:30,4/9/2023,20:02,Amritsar,Raksha Bandhan,,
326,C088,34,3,27/08/2023,15:39,3/9/2023,15:33,Panchkula,Raksha Bandhan,,
327,C048,51,1,24/09/2023,9:29,26/09/2023,20:09,Muzaffarnagar,All Occasions,,
328,C024,23,3,17/04/2023,17:51,22/04/2023,8:59,Maheshtala,Anniversary,,
329,C095,17,3,26/08/2023,2:22,4/9/2023,3:08,Nashik,Anniversary,,
330,C059,59,2,24/08/2023,20:25,1/9/2023,12:26,Shahjahanpur,Raksha Bandhan,,
331,C023,41,5,4/11/2023,21:49,5/11/2023,14:13,Patna,Diwali,,
332,C052,20,5,11/4/2023,20:14,18/04/2023,14:10,Khammam,Anniversary,,
333,C100,22,5,9/2/2023,6:19,10/2/2023,3:46,South Dumdum,All Occasions,,
334,C066,53,1,28/08/2023,21:19,1/9/2023,22:03,Patiala,Raksha Bandhan,,
335,C013,17,2,6/11/2023,2:09,8/11/2023,2:23,Sri Ganganagar,Anniversary,,
336,C069,53,1,20/08/2023,4:32,25/08/2023,19:54,Tiruchirappalli,Raksha Bandhan,,
337,C008,24,3,16/05/2023,14:21,22/05/2023,20:26,Siwan,Birthday,,
338,C087,21,3,20/08/2023,14:15,28/08/2023,1:34,Panchkula,Raksha Bandhan,,
339,C083,8,1,20/09/2023,20:07,29/09/2023,10:50,Sirsa,Anniversary,,
340,C076,38,3,14/07/2023,7:53,22/07/2023,2:56,Davanagere,Birthday,,
341,C028,9,2,20/08/2023,14:54,30/08/2023,22:32,Ongole,Raksha Bandhan,,
342,C062,36,5,3/11/2023,4:03,8/11/2023,16:26,Salem,Birthday,,
343,C006,66,3,6/3/2023,14:12,9/3/2023,9:27,Parbhani,Holi,,
344,C020,28,5,29/08/2023,17:06,3/9/2023,6:28,Tiruvottiyur,Raksha Bandhan,,
345,C056,45,4,15/09/2023,15:40,23/09/2023,23:11,Bellary,Birthday,,
346,C090,50,1,4/3/2023,23:24,12/3/2023,16:46,Pondicherry,Holi,,
347,C034,34,2,29/08/2023,9:46,8/9/2023,8:37,Shimoga,Raksha Bandhan,,
348,C060,30,2,28/11/2023,20:33,7/12/2023,12:02,Kalyan/Dombivli,Anniversary,,
349,C017,44,4,11/11/2023,3:32,12/11/2023,10:31,Junagadh,Diwali,,
350,C020,19,3,13/02/2023,12:22,22/02/2023,16:26,Kolkata,Valentine's Day,,
351,C099,1,1,16/01/2023,15:11,25/01/2023,22:29,Bhilai,All Occasions,,
352,C080,28,1,23/08/2023,23:49,2/9/2023,9:14,Bellary,Raksha Bandhan,,
353,C089,55,2,21/08/2023,9:43,24/08/2023,14:12,Korba,Raksha Bandhan,,
354,C087,13,5,26/02/2023,17:25,6/3/2023,9:43,Narasaraopet,Holi,,
355,C099,10,1,24/12/2023,4:52,2/1/2024,9:38,Satara,Birthday,,
356,C028,14,1,8/7/2023,0:41,9/7/2023,4:31,Panvel,Birthday,,
357,C063,62,4,3/3/2023,20:01,13/03/2023,20:55,Kavali,Holi,,
358,C040,55,1,20/08/2023,16:53,25/08/2023,13:30,Secunderabad,Raksha Bandhan,,
359,C052,47,2,28/02/2023,12:13,5/3/2023,20:31,Nagpur,Holi,,
360,C099,41,1,6/11/2023,3:11,9/11/2023,17:45,Belgaum,Diwali,,
361,C049,47,4,3/3/2023,6:09,11/3/2023,8:33,Rajkot,Holi,,
362,C041,31,2,10/3/2023,3:40,17/03/2023,10:35,Nashik,All Occasions,,
363,C022,15,2,27/11/2023,19:01,5/12/2023,1:50,Bhavnagar,Anniversary,,
364,C003,43,3,8/11/2023,6:09,9/11/2023,4:37,Satara,Diwali,,
365,C028,8,5,1/6/2023,15:31,4/6/2023,10:15,Agra,Anniversary,,
366,C033,3,3,8/2/2023,23:15,16/02/2023,10:51,Kolkata,Valentine's Day,,
367,C010,47,5,3/3/2023,0:44,12/3/2023,15:05,South Dumdum,Holi,,
368,C042,6,3,4/3/2023,23:03,6/3/2023,2:52,Nashik,Holi,,
369,C014,63,3,7/8/2023,7:23,15/08/2023,4:28,Jammu,All Occasions,,
370,C073,54,2,9/7/2023,5:57,13/07/2023,19:01,Danapur,Anniversary,,
371,C090,23,4,15/05/2023,1:27,19/05/2023,10:28,Davanagere,Anniversary,,
372,C006,25,3,8/11/2023,19:04,18/11/2023,18:28,Kamarhati,Anniversary,,
373,C026,65,2,7/6/2023,20:49,10/6/2023,23:57,North Dumdum,All Occasions,,
374,C087,4,1,7/11/2023,7:47,9/11/2023,22:32,Guna,Diwali,,
375,C091,46,1,11/2/2023,4:16,20/02/2023,19:37,Mysore,Anniversary,,
376,C097,10,2,14/05/2023,20:18,19/05/2023,23:48,Bulandshahr,Birthday,,
377,C013,55,4,26/08/2023,8:34,31/08/2023,11:47,Ghaziabad,Raksha Bandhan,,
378,C040,6,2,1/3/2023,11:30,8/3/2023,19:26,Hindupur,Holi,,
379,C078,66,1,3/3/2023,23:31,6/3/2023,10:44,Bhavnagar,Holi,,
380,C009,60,4,8/11/2023,13:33,15/11/2023,23:40,Bidhannagar,Diwali,,
381,C013,25,3,25/01/2023,18:30,28/01/2023,6:21,Tiruchirappalli,Anniversary,,
382,C003,24,1,3/6/2023,10:02,13/06/2023,21:53,Kamarhati,Birthday,,
383,C016,37,1,6/11/2023,0:16,8/11/2023,20:09,Panchkula,Diwali,,
384,C004,25,3,11/5/2023,16:57,15/05/2023,13:57,Bhilai,Anniversary,,
385,C002,50,4,3/3/2023,1:16,8/3/2023,10:46,Alwar,Holi,,
386,C091,5,4,4/6/2023,12:47,14/06/2023,21:34,Jalandhar,All Occasions,,
387,C061,1,2,30/04/2023,5:38,9/5/2023,2:15,Ahmedabad,All Occasions,,
388,C066,36,2,10/11/2023,0:15,18/11/2023,10:37,Jalna,Birthday,,
389,C061,29,2,6/3/2023,3:26,16/03/2023,18:13,Mahbubnagar,Holi,,
390,C043,26,4,3/3/2023,15:40,10/3/2023,23:02,Akola,Holi,,
391,C083,22,4,29/12/2023,13:44,7/1/2024,12:58,Bareilly,All Occasions,,
392,C085,4,2,5/11/2023,3:18,6/11/2023,18:53,Gangtok,Diwali,,
393,C087,17,5,14/11/2023,11:01,22/11/2023,16:10,Solapur,Anniversary,,
394,C028,38,5,23/03/2023,4:26,31/03/2023,19:25,Dewas,Birthday,,
395,C067,26,2,3/3/2023,23:14,6/3/2023,18:32,Hosur,Holi,,
396,C068,10,5,15/03/2023,15:30,16/03/2023,1:45,Tiruvottiyur,Birthday,,
397,C034,4,5,9/11/2023,6:48,14/11/2023,13:32,Junagadh,Diwali,,
398,C080,54,1,5/5/2023,8:45,15/05/2023,10:01,Dehradun,Anniversary,,
399,C008,68,1,8/2/2023,6:21,15/02/2023,7:08,Bareilly,Valentine's Day,,
400,C083,45,3,7/5/2023,14:05,15/05/2023,18:10,Kumbakonam,Birthday,,
401,C089,9,5,29/08/2023,19:53,4/9/2023,7:19,Bharatpur,Raksha Bandhan,,
402,C037,29,1,5/3/2023,16:42,8/3/2023,13:32,Thrissur,Holi,,
403,C075,57,1,6/1/2023,11:45,16/01/2023,20:13,Chapra,Birthday,,
404,C055,21,5,22/08/2023,7:55,24/08/2023,22:27,South Dumdum,Raksha Bandhan,,
405,C033,49,1,10/2/2023,23:05,18/02/2023,14:47,Guwahati,Valentine's Day,,
406,C049,55,4,25/08/2023,15:59,2/9/2023,6:23,Srikakulam,Raksha Bandhan,,
407,C074,69,3,26/02/2023,8:52,28/02/2023,4:09,Jamalpur,Holi,,
408,C063,31,2,5/3/2023,12:19,11/3/2023,4:41,Haldia,All Occasions,,
409,C049,50,4,26/02/2023,17:43,28/02/2023,19:44,Khammam,Holi,,
410,C025,24,1,1/1/2023,20:20,2/1/2023,5:57,Surendranagar Dudhrej,Birthday,,
411,C006,48,1,5/11/2023,16:31,8/11/2023,7:21,Nadiad,Diwali,,
412,C081,67,2,28/10/2023,9:28,31/10/2023,23:14,Maheshtala,Anniversary,,
413,C050,59,5,22/08/2023,5:32,30/08/2023,20:21,Amritsar,Raksha Bandhan,,
414,C034,7,4,28/02/2023,21:18,7/3/2023,1:07,Raurkela Industrial Township,Holi,,
415,C065,14,4,8/6/2023,20:08,10/6/2023,1:20,Hajipur,Birthday,,
416,C006,58,5,12/2/2023,16:41,17/02/2023,9:37,Saharanpur,Valentine's Day,,
417,C004,62,4,7/3/2023,22:40,11/3/2023,5:56,Khammam,Holi,,
418,C069,64,3,24/08/2023,13:17,1/9/2023,11:37,Karimnagar,Raksha Bandhan,,
419,C065,47,3,5/3/2023,17:18,11/3/2023,13:53,Agartala,Holi,,
420,C039,6,3,27/02/2023,8:36,28/02/2023,0:07,Kota,Holi,,
421,C066,38,4,8/8/2023,20:16,12/8/2023,19:04,Serampore,Birthday,,
422,C044,53,2,20/08/2023,3:03,29/08/2023,4:05,Eluru,Raksha Bandhan,,
423,C067,19,1,11/2/2023,16:46,17/02/2023,0:10,Alappuzha,Valentine's Day,,
424,C072,7,4,1/3/2023,3:04,9/3/2023,10:27,Kishanganj,Holi,,
425,C071,56,1,30/09/2023,0:02,9/10/2023,22:59,North Dumdum,Anniversary,,
426,C073,2,2,13/02/2023,22:59,17/02/2023,13:51,Kharagpur,Valentine's Day,,
427,C042,48,5,3/11/2023,7:56,13/11/2023,22:46,Gudivada,Diwali,,
428,C038,10,2,6/12/2023,3:32,12/12/2023,19:37,Khora ,Birthday,,
429,C007,9,5,22/08/2023,22:46,31/08/2023,12:43,Bahraich,Raksha Bandhan,,
430,C045,27,2,27/08/2023,7:20,31/08/2023,10:03,Rourkela,Raksha Bandhan,,
431,C057,1,4,13/12/2023,19:13,19/12/2023,21:02,Varanasi,All Occasions,,
432,C092,12,4,5/1/2023,12:09,13/01/2023,19:40,Ballia,Anniversary,,
433,C068,7,5,26/02/2023,23:33,2/3/2023,4:19,Amravati,Holi,,
434,C020,51,4,28/11/2023,7:23,29/11/2023,19:43,Kirari Suleman Nagar,All Occasions,,
435,C017,53,4,22/08/2023,17:27,27/08/2023,12:35,Mira/Bhayandar,Raksha Bandhan,,
436,C058,8,1,27/01/2023,6:08,3/2/2023,8:15,Salem,Anniversary,,
437,C010,55,1,24/08/2023,6:30,27/08/2023,22:56,Uluberia,Raksha Bandhan,,
438,C037,34,2,26/08/2023,9:27,27/08/2023,3:18,Tadepalligudem,Raksha Bandhan,,
439,C037,12,3,13/12/2023,8:56,22/12/2023,12:51,Hyderabad,Anniversary,,
440,C018,13,4,7/3/2023,9:33,9/3/2023,1:21,Gudivada,Holi,,
441,C052,26,2,26/02/2023,11:23,6/3/2023,16:38,Kurnool,Holi,,
442,C023,3,3,8/2/2023,18:03,15/02/2023,8:05,Khandwa,Valentine's Day,,
443,C046,49,3,4/2/2023,22:22,13/02/2023,2:16,Secunderabad,Valentine's Day,,
444,C021,60,3,2/11/2023,1:01,9/11/2023,9:54,Jalna,Diwali,,
445,C047,30,5,14/06/2023,20:08,15/06/2023,14:22,Karnal,Anniversary,,
446,C079,33,5,12/2/2023,2:54,15/02/2023,11:03,Bokaro,Valentine's Day,,
447,C032,47,4,27/02/2023,2:45,4/3/2023,15:04,Bhilwara,Holi,,
448,C086,16,1,2/3/2023,2:42,3/3/2023,13:42,Bulandshahr,Holi,,
449,C045,49,4,13/02/2023,3:18,16/02/2023,10:09,Ichalkaranji,Valentine's Day,,
450,C096,39,5,2/12/2023,7:58,12/12/2023,10:09,Sri Ganganagar,All Occasions,,
451,C079,33,5,7/2/2023,0:16,13/02/2023,21:10,Ujjain,Valentine's Day,,
452,C045,70,3,9/7/2023,19:57,17/07/2023,11:42,Mahbubnagar,Birthday,,
453,C032,27,2,21/08/2023,10:11,31/08/2023,12:28,Varanasi,Raksha Bandhan,,
454,C088,3,2,7/2/2023,23:26,9/2/2023,1:21,Suryapet,Valentine's Day,,
455,C072,1,2,20/10/2023,22:33,25/10/2023,18:04,Eluru,All Occasions,,
456,C071,33,2,12/2/2023,22:51,15/02/2023,22:14,Nangloi Jat,Valentine's Day,,
457,C036,22,5,27/05/2023,13:55,29/05/2023,16:38,Mirzapur,All Occasions,,
458,C054,32,2,19/07/2023,17:21,24/07/2023,20:32,Ramgarh,Birthday,,
459,C093,12,2,29/03/2023,7:24,30/03/2023,7:34,Ranchi,Anniversary,,
460,C007,29,2,4/3/2023,7:58,6/3/2023,0:07,Kolhapur,Holi,,
461,C083,12,4,22/06/2023,8:12,27/06/2023,14:52,Srinagar,Anniversary,,
462,C069,60,5,4/11/2023,18:10,13/11/2023,14:20,Kirari Suleman Nagar,Diwali,,
463,C078,18,3,24/09/2023,22:23,30/09/2023,0:52,Hazaribagh,Birthday,,
464,C014,18,3,5/7/2023,3:04,8/7/2023,13:38,Buxar,Birthday,,
465,C029,55,5,23/08/2023,23:46,26/08/2023,13:29,Madurai,Raksha Bandhan,,
466,C053,23,1,3/10/2023,13:58,11/10/2023,9:59,Bally,Anniversary,,
467,C056,53,1,28/08/2023,14:18,2/9/2023,15:20,Gandhidham,Raksha Bandhan,,
468,C007,5,2,25/07/2023,7:57,4/8/2023,1:24,Rajahmundry,All Occasions,,
469,C051,42,4,15/12/2023,7:06,19/12/2023,12:56,Kamarhati,All Occasions,,
470,C031,47,5,28/02/2023,17:34,6/3/2023,15:29,Bhavnagar,Holi,,
471,C092,23,2,31/01/2023,12:09,10/2/2023,5:50,Tirunelveli,Anniversary,,
472,C015,56,1,24/12/2023,7:32,30/12/2023,22:46,Khammam,Anniversary,,
473,C061,22,3,28/03/2023,8:13,4/4/2023,15:44,Giridih,All Occasions,,
474,C051,1,4,7/2/2023,6:31,14/02/2023,2:00,Dibrugarh,All Occasions,,
475,C099,46,2,4/12/2023,7:21,8/12/2023,13:32,Jalgaon,Anniversary,,
476,C067,40,2,18/09/2023,1:17,20/09/2023,17:53,Moradabad,Anniversary,,
477,C099,33,4,12/2/2023,17:18,14/02/2023,3:11,Gangtok,Valentine's Day,,
478,C003,11,5,8/2/2023,1:11,9/2/2023,9:50,Ambarnath,Valentine's Day,,
479,C071,11,1,7/2/2023,17:48,11/2/2023,10:48,Ghaziabad,Valentine's Day,,
480,C059,62,4,6/3/2023,4:29,16/03/2023,22:19,Sagar,Holi,,
481,C044,12,5,21/08/2023,0:00,25/08/2023,18:36,Bhiwandi,Anniversary,,
482,C050,23,3,5/6/2023,20:33,14/06/2023,20:56,Ludhiana,Anniversary,,
483,C007,59,2,28/08/2023,6:25,31/08/2023,5:06,Pallavaram,Raksha Bandhan,,
484,C034,1,5,26/05/2023,19:03,3/6/2023,19:32,Morena,All Occasions,,
485,C029,43,4,6/11/2023,19:20,14/11/2023,19:27,Bhubaneswar,Diwali,,
486,C030,24,1,25/07/2023,14:34,30/07/2023,16:58,Ambattur,Birthday,,
487,C053,51,1,5/1/2023,16:46,9/1/2023,4:28,Sasaram,All Occasions,,
488,C025,21,4,28/08/2023,22:13,29/08/2023,5:26,Nizamabad,Raksha Bandhan,,
489,C072,10,1,28/08/2023,22:26,2/9/2023,4:30,Kirari Suleman Nagar,Birthday,,
490,C075,2,1,12/2/2023,12:28,14/02/2023,12:27,Eluru,Valentine's Day,,
491,C095,30,1,24/10/2023,6:14,2/11/2023,22:59,Muzaffarnagar,Anniversary,,
492,C047,33,2,4/2/2023,13:54,13/02/2023,12:04,Salem,Valentine's Day,,
493,C035,11,1,5/2/2023,22:11,6/2/2023,15:43,Gopalpur,Valentine's Day,,
494,C082,7,4,28/02/2023,3:11,8/3/2023,19:06,Rewa,Holi,,
495,C007,20,1,28/08/2023,17:42,29/08/2023,22:51,Pimpri/Chinchwad,Anniversary,,
496,C021,11,4,9/2/2023,14:31,16/02/2023,13:05,Sambhal,Valentine's Day,,
497,C081,64,2,29/08/2023,20:14,1/9/2023,4:42,Alwar,Raksha Bandhan,,
498,C100,19,4,13/02/2023,21:34,20/02/2023,21:14,Bhusawal,Valentine's Day,,
499,C031,59,1,27/08/2023,12:09,2/9/2023,10:03,Ichalkaranji,Raksha Bandhan,,
500,C013,61,2,29/06/2023,10:07,5/7/2023,12:14,Bongaigaon,Anniversary,,
501,C066,46,2,2/9/2023,16:27,8/9/2023,7:33,Navi Mumbai,Anniversary,,
502,C099,22,5,24/06/2023,5:33,30/06/2023,0:55,Munger,All Occasions,,
503,C020,34,1,29/08/2023,20:45,6/9/2023,7:49,Dehri,Raksha Bandhan,,
504,C058,25,1,14/07/2023,13:04,24/07/2023,5:20,Meerut,Anniversary,,
505,C028,45,3,2/6/2023,13:19,5/6/2023,1:59,Allahabad,Birthday,,
506,C058,55,4,27/08/2023,8:52,2/9/2023,11:43,Thrissur,Raksha Bandhan,,
507,C028,13,4,7/3/2023,0:28,13/03/2023,20:11,Malda,Holi,,
508,C035,69,1,26/02/2023,17:29,4/3/2023,7:11,Varanasi,Holi,,
509,C003,13,5,5/3/2023,12:48,9/3/2023,7:47,Uluberia,Holi,,
510,C017,54,5,8/12/2023,13:00,17/12/2023,6:14,Panipat,Anniversary,,
511,C055,47,2,27/02/2023,12:58,4/3/2023,0:46,Dibrugarh,Holi,,
512,C008,41,1,5/11/2023,2:42,11/11/2023,13:10,Ranchi,Diwali,,
513,C088,1,4,27/03/2023,9:57,2/4/2023,13:56,Nandyal,All Occasions,,
514,C090,24,1,1/1/2023,9:56,9/1/2023,17:56,Allahabad,Birthday,,
515,C078,14,5,21/10/2023,23:22,27/10/2023,14:59,Unnao,Birthday,,
516,C020,22,2,5/7/2023,20:52,6/7/2023,1:06,Gaya,All Occasions,,
517,C064,60,5,9/11/2023,1:01,17/11/2023,19:04,Aligarh,Diwali,,
518,C045,45,3,9/4/2023,4:46,15/04/2023,19:40,Ahmednagar,Birthday,,
519,C014,52,4,7/2/2023,23:10,15/02/2023,6:40,Hindupur,Valentine's Day,,
520,C026,14,5,7/4/2023,4:43,8/4/2023,8:21,Mysore,Birthday,,
521,C062,33,5,4/2/2023,21:00,8/2/2023,2:28,Noida,Valentine's Day,,
522,C011,50,3,27/02/2023,21:04,8/3/2023,1:34,Avadi,Holi,,
523,C071,30,3,2/7/2023,13:37,9/7/2023,15:38,Muzaffarpur,Anniversary,,
524,C084,45,1,15/08/2023,13:54,22/08/2023,12:29,Jalandhar,Birthday,,
525,C033,16,2,2/3/2023,20:06,11/3/2023,22:22,Bhagalpur,Holi,,
526,C008,13,5,2/3/2023,6:06,8/3/2023,1:35,Bangalore,Holi,,
527,C036,33,3,11/2/2023,12:51,19/02/2023,15:58,Bardhaman,Valentine's Day,,
528,C001,27,3,27/08/2023,5:01,30/08/2023,17:03,Tirunelveli,Raksha Bandhan,,
529,C013,64,2,25/08/2023,15:47,28/08/2023,14:05,Madurai,Raksha Bandhan,,
530,C008,5,2,19/08/2023,10:45,27/08/2023,0:23,Delhi,All Occasions,,
531,C029,28,5,29/08/2023,13:32,7/9/2023,8:43,Dehradun,Raksha Bandhan,,
532,C036,30,5,2/9/2023,13:25,10/9/2023,2:55,Bharatpur,Anniversary,,
533,C006,14,3,18/04/2023,7:19,20/04/2023,17:43,Raurkela Industrial Township,Birthday,,
534,C061,31,2,27/11/2023,3:40,4/12/2023,11:22,Naihati,All Occasions,,
535,C017,25,3,8/7/2023,21:59,11/7/2023,6:30,Saharsa,Anniversary,,
536,C048,59,3,25/08/2023,15:14,30/08/2023,11:13,Kota,Raksha Bandhan,,
537,C064,42,3,17/10/2023,6:19,25/10/2023,3:09,Korba,All Occasions,,
538,C097,24,5,18/05/2023,13:09,19/05/2023,22:36,Ghaziabad,Birthday,,
539,C056,20,3,9/6/2023,15:39,16/06/2023,14:17,Jehanabad,Anniversary,,
540,C082,22,4,6/9/2023,19:07,9/9/2023,1:26,Morbi,All Occasions,,
541,C007,24,3,13/11/2023,5:51,16/11/2023,22:56,Sasaram,Birthday,,
542,C051,54,5,7/7/2023,19:41,12/7/2023,9:52,Satara,Anniversary,,
543,C023,51,4,12/2/2023,21:51,17/02/2023,11:53,Saharanpur,All Occasions,,
544,C030,29,2,1/3/2023,2:31,11/3/2023,9:33,Belgaum,Holi,,
545,C083,9,5,20/08/2023,1:54,26/08/2023,8:07,Ratlam,Raksha Bandhan,,
546,C064,25,3,2/2/2023,22:04,11/2/2023,10:00,Motihari,Anniversary,,
547,C088,30,5,10/1/2023,2:30,19/01/2023,13:56,Ahmedabad,Anniversary,,
548,C012,25,2,21/02/2023,12:32,22/02/2023,19:47,Gorakhpur,Anniversary,,
549,C021,64,1,22/08/2023,19:29,1/9/2023,2:29,Erode,Raksha Bandhan,,
550,C023,29,5,27/02/2023,19:28,5/3/2023,17:03,Bettiah,Holi,,
551,C088,67,1,19/04/2023,20:43,23/04/2023,15:25,Kurnool,Anniversary,,
552,C064,31,3,10/5/2023,18:59,11/5/2023,17:09,Tezpur,All Occasions,,
553,C084,39,2,22/08/2023,1:22,26/08/2023,7:43,Alwar,All Occasions,,
554,C045,29,4,28/02/2023,20:25,3/3/2023,16:49,Sangli/Miraj & Kupwad,Holi,,
555,C100,56,4,28/06/2023,12:05,30/06/2023,17:58,Ratlam,Anniversary,,
556,C073,17,1,13/12/2023,15:34,21/12/2023,15:49,Cuttack,Anniversary,,
557,C039,47,3,1/3/2023,3:00,8/3/2023,2:10,Kavali,Holi,,
558,C091,64,3,22/08/2023,0:42,25/08/2023,0:24,Muzaffarpur,Raksha Bandhan,,
559,C084,45,1,19/12/2023,16:37,26/12/2023,18:35,Mau,Birthday,,
560,C019,39,2,4/8/2023,12:52,9/8/2023,9:50,Avadi,All Occasions,,
561,C099,49,5,12/2/2023,12:24,21/02/2023,17:23,Ghaziabad,Valentine's Day,,
562,C066,24,4,9/8/2023,9:18,16/08/2023,1:34,Ranchi,Birthday,,
563,C077,58,5,11/2/2023,11:43,19/02/2023,5:04,Jorhat,Valentine's Day,,
564,C007,40,1,7/4/2023,0:40,15/04/2023,6:06,Gandhinagar,Anniversary,,
565,C011,50,3,6/3/2023,17:28,14/03/2023,13:12,Mehsana,Holi,,
566,C054,42,4,12/5/2023,12:48,14/05/2023,20:36,Patna,All Occasions,,
567,C090,66,1,6/3/2023,6:11,15/03/2023,18:57,Unnao,Holi,,
568,C056,10,1,29/06/2023,20:55,8/7/2023,13:16,Bhubaneswar,Birthday,,
569,C027,53,2,28/08/2023,14:00,4/9/2023,17:56,Purnia,Raksha Bandhan,,
570,C056,69,3,28/02/2023,11:25,9/3/2023,0:53,Satna,Holi,,
571,C046,6,1,28/02/2023,9:38,9/3/2023,4:26,Bhatpara,Holi,,
572,C060,25,5,4/6/2023,15:48,10/6/2023,10:11,Kamarhati,Anniversary,,
573,C040,3,5,8/2/2023,2:52,14/02/2023,2:57,Thane,Valentine's Day,,
574,C064,29,3,2/3/2023,23:57,6/3/2023,21:45,Kozhikode,Holi,,
575,C076,49,2,6/2/2023,13:24,9/2/2023,14:55,Kota,Valentine's Day,,
576,C074,53,4,20/08/2023,7:04,26/08/2023,8:01,Aurangabad,Raksha Bandhan,,
577,C008,20,4,28/10/2023,14:51,5/11/2023,18:50,Hazaribagh,Anniversary,,
578,C008,18,4,31/07/2023,18:27,6/8/2023,16:43,Warangal,Birthday,,
579,C092,29,2,7/3/2023,21:38,14/03/2023,10:45,Maheshtala,Holi,,
580,C093,24,4,16/06/2023,22:03,20/06/2023,12:25,Bhatpara,Birthday,,
581,C082,18,2,2/7/2023,2:08,11/7/2023,14:56,Anand,Birthday,,
582,C019,3,4,4/2/2023,18:30,5/2/2023,19:16,Latur,Valentine's Day,,
583,C025,56,4,18/09/2023,16:47,22/09/2023,19:58,Hosur,Anniversary,,
584,C089,34,2,23/08/2023,7:39,27/08/2023,16:10,Eluru,Raksha Bandhan,,
585,C013,63,5,26/04/2023,18:32,1/5/2023,1:52,Bhubaneswar,All Occasions,,
586,C068,64,5,27/08/2023,21:04,4/9/2023,16:30,Bilaspur,Raksha Bandhan,,
587,C018,43,1,2/11/2023,0:51,3/11/2023,10:41,Panchkula,Diwali,,
588,C056,49,5,4/2/2023,6:37,5/2/2023,21:21,Kishanganj,Valentine's Day,,
589,C093,40,3,9/12/2023,21:23,19/12/2023,1:21,Lucknow,Anniversary,,
590,C006,23,2,19/01/2023,21:36,23/01/2023,5:53,Durg,Anniversary,,
591,C002,31,3,6/7/2023,12:56,14/07/2023,0:00,Surat,All Occasions,,
592,C007,47,5,7/3/2023,3:27,11/3/2023,21:41,Phusro,Holi,,
593,C016,58,3,5/2/2023,17:30,12/2/2023,9:34,Bhilai,Valentine's Day,,
594,C060,20,2,26/05/2023,21:26,1/6/2023,4:59,Varanasi,Anniversary,,
595,C022,51,4,8/11/2023,13:49,15/11/2023,4:06,Dhanbad,All Occasions,,
596,C046,50,1,5/3/2023,14:57,14/03/2023,17:58,Tiruppur,Holi,,
597,C074,16,1,1/3/2023,1:05,6/3/2023,2:49,Pimpri/Chinchwad,Holi,,
598,C054,37,3,11/11/2023,2:51,18/11/2023,21:53,Ratlam,Diwali,,
599,C004,34,1,21/08/2023,19:32,24/08/2023,12:13,Naihati,Raksha Bandhan,,
600,C095,47,4,7/3/2023,21:24,9/3/2023,15:17,Shimla,Holi,,
601,C030,1,4,14/03/2023,2:37,18/03/2023,3:37,Raurkela Industrial Township,All Occasions,,
602,C042,43,5,2/11/2023,10:17,11/11/2023,6:02,Buxar,Diwali,,
603,C079,8,3,29/05/2023,5:23,7/6/2023,15:14,Tiruvottiyur,Anniversary,,
604,C069,39,3,31/01/2023,19:54,3/2/2023,21:24,Tadipatri,All Occasions,,
605,C068,45,2,21/12/2023,22:21,25/12/2023,20:49,Kakinada,Birthday,,
606,C047,3,5,8/2/2023,2:13,17/02/2023,7:31,Sambalpur,Valentine's Day,,
607,C028,50,3,3/3/2023,1:50,5/3/2023,9:52,Bidhannagar,Holi,,
608,C030,55,5,28/08/2023,20:30,1/9/2023,7:14,Etawah,Raksha Bandhan,,
609,C024,25,5,27/10/2023,11:08,28/10/2023,23:46,Hazaribagh,Anniversary,,
610,C068,5,3,3/1/2023,17:25,5/1/2023,0:11,Sirsa,All Occasions,,
611,C056,28,2,22/08/2023,21:17,28/08/2023,3:27,Latur,Raksha Bandhan,,
612,C075,26,1,2/3/2023,10:22,8/3/2023,12:39,Shivpuri,Holi,,
613,C063,4,5,10/11/2023,17:54,14/11/2023,19:18,Gwalior,Diwali,,
614,C089,26,1,3/3/2023,15:36,7/3/2023,18:51,Aizawl,Holi,,
615,C020,28,3,25/08/2023,21:11,1/9/2023,6:10,Allahabad,Raksha Bandhan,,
616,C006,44,5,8/11/2023,23:57,12/11/2023,19:20,Phagwara,Diwali,,
617,C083,22,1,19/02/2023,2:53,28/02/2023,17:01,Uluberia,All Occasions,,
618,C073,60,4,5/11/2023,16:09,15/11/2023,17:21,Lucknow,Diwali,,
619,C091,35,1,6/3/2023,7:18,16/03/2023,3:17,Patiala,Holi,,
620,C074,67,3,11/7/2023,22:23,18/07/2023,1:24,Chapra,Anniversary,,
621,C070,64,3,20/08/2023,7:17,28/08/2023,1:32,Ahmedabad,Raksha Bandhan,,
622,C084,4,4,8/11/2023,14:13,9/11/2023,15:59,Bhiwandi,Diwali,,
623,C045,37,2,8/11/2023,13:37,18/11/2023,14:25,Lucknow,Diwali,,
624,C024,53,5,29/08/2023,9:19,1/9/2023,8:29,Ambala,Raksha Bandhan,,
625,C089,63,5,23/02/2023,21:15,4/3/2023,2:46,Belgaum,All Occasions,,
626,C024,40,5,23/09/2023,15:12,27/09/2023,8:14,Bellary,Anniversary,,
627,C024,51,4,5/2/2023,4:30,8/2/2023,23:38,Sirsa,All Occasions,,
628,C061,11,5,10/2/2023,21:50,13/02/2023,21:07,Ongole,Valentine's Day,,
629,C032,28,5,27/08/2023,9:09,4/9/2023,15:31,Sangli/Miraj & Kupwad,Raksha Bandhan,,
630,C071,67,3,21/02/2023,21:37,1/3/2023,18:53,Karimnagar,Anniversary,,
631,C044,32,4,13/04/2023,21:41,17/04/2023,3:45,Gopalpur,Birthday,,
632,C075,51,1,11/7/2023,22:35,12/7/2023,11:32,Adoni,All Occasions,,
633,C031,52,5,10/2/2023,14:44,15/02/2023,5:12,Surat,Valentine's Day,,
634,C038,57,3,7/5/2023,6:36,11/5/2023,13:43,Fatehpur,Birthday,,
635,C095,67,1,12/11/2023,18:37,22/11/2023,7:23,Navi Mumbai,Anniversary,,
636,C067,53,2,25/08/2023,7:18,2/9/2023,3:33,Panipat,Raksha Bandhan,,
637,C056,51,3,12/3/2023,19:29,20/03/2023,22:34,Darbhanga,All Occasions,,
638,C060,39,1,23/04/2023,2:13,27/04/2023,2:51,Mira/Bhayandar,All Occasions,,
639,C098,24,1,26/05/2023,2:36,31/05/2023,3:18,Amaravati,Birthday,,
640,C089,59,3,23/08/2023,6:16,31/08/2023,19:07,Bathinda,Raksha Bandhan,,
641,C063,15,4,18/05/2023,23:59,26/05/2023,19:14,South Dumdum,Anniversary,,
642,C021,44,5,2/11/2023,5:26,7/11/2023,0:29,Kozhikode,Diwali,,
643,C063,35,2,26/02/2023,13:10,6/3/2023,20:24,Malda,Holi,,
644,C050,67,1,1/9/2023,14:54,11/9/2023,11:21,Parbhani,Anniversary,,
645,C033,50,3,27/02/2023,1:46,28/02/2023,2:07,Danapur,Holi,,
646,C015,38,5,13/05/2023,16:30,23/05/2023,9:16,Morbi,Birthday,,
647,C069,21,5,25/08/2023,17:00,26/08/2023,1:29,Anantapuram,Raksha Bandhan,,
648,C040,41,3,5/11/2023,19:06,9/11/2023,8:25,Chittoor,Diwali,,
649,C053,43,3,2/11/2023,3:05,11/11/2023,8:55,Naihati,Diwali,,
650,C077,32,3,23/02/2023,1:54,2/3/2023,3:09,Guwahati,Birthday,,
651,C017,11,4,13/02/2023,2:16,19/02/2023,11:55,Panihati,Valentine's Day,,
652,C032,21,2,28/08/2023,19:41,3/9/2023,0:01,Phagwara,Raksha Bandhan,,
653,C076,17,4,29/11/2023,13:38,1/12/2023,5:52,Bhilwara,Anniversary,,
654,C019,64,2,29/08/2023,4:53,2/9/2023,0:41,Jhansi,Raksha Bandhan,,
655,C015,17,1,8/11/2023,21:19,17/11/2023,18:57,Jalna,Anniversary,,
656,C032,68,2,5/2/2023,18:34,6/2/2023,4:46,Dehri,Valentine's Day,,
657,C055,13,3,3/3/2023,9:37,8/3/2023,14:48,Kochi,Holi,,
658,C061,21,3,22/08/2023,20:54,31/08/2023,8:54,Srikakulam,Raksha Bandhan,,
659,C048,19,5,5/2/2023,17:44,12/2/2023,22:37,Silchar,Valentine's Day,,
660,C053,58,3,11/2/2023,6:08,21/02/2023,20:48,Amravati,Valentine's Day,,
661,C018,22,2,14/01/2023,23:51,19/01/2023,9:50,Guwahati,All Occasions,,
662,C068,20,3,9/2/2023,18:29,18/02/2023,8:27,Hazaribagh,Anniversary,,
663,C094,15,2,11/10/2023,14:47,12/10/2023,22:32,Hosur,Anniversary,,
664,C023,24,2,18/01/2023,11:54,28/01/2023,20:22,Hajipur,Birthday,,
665,C060,62,5,5/3/2023,14:23,15/03/2023,15:54,Akola,Holi,,
666,C032,26,5,2/3/2023,9:41,8/3/2023,19:28,Jammu,Holi,,
667,C052,44,3,4/11/2023,8:26,7/11/2023,10:30,Alwar,Diwali,,
668,C009,55,2,21/08/2023,10:09,30/08/2023,16:32,Ajmer,Raksha Bandhan,,
669,C035,68,5,10/2/2023,7:11,17/02/2023,9:56,Ludhiana,Valentine's Day,,
670,C057,23,5,1/6/2023,5:47,10/6/2023,5:09,Bhopal,Anniversary,,
671,C059,31,4,3/12/2023,6:54,7/12/2023,23:16,Karnal,All Occasions,,
672,C049,44,5,7/11/2023,14:06,9/11/2023,6:46,Saharanpur,Diwali,,
673,C008,33,3,4/2/2023,5:54,7/2/2023,4:25,Gaya,Valentine's Day,,
674,C065,68,2,7/2/2023,9:41,16/02/2023,23:40,Chennai,Valentine's Day,,
675,C052,13,4,28/02/2023,8:04,9/3/2023,23:52,Pali,Holi,,
676,C038,46,4,18/02/2023,12:42,20/02/2023,20:52,Kanpur,Anniversary,,
677,C045,37,5,4/11/2023,7:54,14/11/2023,5:32,Panihati,Diwali,,
678,C020,31,5,10/9/2023,14:23,20/09/2023,10:13,Jalna,All Occasions,,
679,C019,56,2,5/10/2023,17:29,14/10/2023,12:58,Durg,Anniversary,,
680,C018,56,1,2/12/2023,22:20,8/12/2023,2:33,Avadi,Anniversary,,
681,C098,23,5,29/01/2023,10:08,5/2/2023,12:01,Nashik,Anniversary,,
682,C054,50,5,26/02/2023,7:31,5/3/2023,11:32,Hyderabad,Holi,,
683,C024,27,3,23/08/2023,21:26,30/08/2023,19:25,Surendranagar Dudhrej,Raksha Bandhan,,
684,C029,70,3,17/09/2023,1:33,25/09/2023,2:44,Tumkur,Birthday,,
685,C054,22,1,1/9/2023,21:04,11/9/2023,8:30,Sikar,All Occasions,,
686,C026,50,1,1/3/2023,16:29,11/3/2023,21:37,Bardhaman,Holi,,
687,C098,8,5,15/03/2023,17:57,19/03/2023,4:50,Raichur,Anniversary,,
688,C015,54,2,28/01/2023,19:02,30/01/2023,13:51,Lucknow,Anniversary,,
689,C046,66,4,2/3/2023,5:52,7/3/2023,11:00,Silchar,Holi,,
690,C083,48,2,2/11/2023,21:13,5/11/2023,21:32,Jaunpur,Diwali,,
691,C002,48,5,6/11/2023,5:22,10/11/2023,11:08,Naihati,Diwali,,
692,C035,15,2,11/8/2023,7:04,18/08/2023,6:44,Tiruppur,Anniversary,,
693,C041,4,5,4/11/2023,23:48,7/11/2023,5:31,Ghaziabad,Diwali,,
694,C018,23,2,15/04/2023,19:26,21/04/2023,16:58,Kozhikode,Anniversary,,
695,C046,23,4,5/3/2023,16:36,14/03/2023,17:01,Imphal,Anniversary,,
696,C046,13,3,7/3/2023,2:42,14/03/2023,15:08,Rajpur Sonarpur,Holi,,
697,C026,66,1,3/3/2023,14:20,7/3/2023,15:14,Ichalkaranji,Holi,,
698,C060,64,3,29/08/2023,20:44,6/9/2023,15:00,Ozhukarai,Raksha Bandhan,,
699,C011,1,4,2/6/2023,12:14,9/6/2023,23:09,Chittoor,All Occasions,,
700,C006,6,1,4/3/2023,18:17,9/3/2023,13:43,Gwalior,Holi,,
701,C080,41,5,7/11/2023,10:57,11/11/2023,4:56,Tezpur,Diwali,,
702,C067,60,1,10/11/2023,8:44,18/11/2023,6:26,Giridih,Diwali,,
703,C070,53,4,23/08/2023,16:19,1/9/2023,6:12,Khammam,Raksha Bandhan,,
704,C061,55,4,29/08/2023,2:27,30/08/2023,13:36,Jalgaon,Raksha Bandhan,,
705,C004,7,1,5/3/2023,18:18,14/03/2023,17:57,Pimpri/Chinchwad,Holi,,
706,C091,67,2,26/04/2023,5:35,4/5/2023,13:13,Madurai,Anniversary,,
707,C036,70,4,3/2/2023,6:17,12/2/2023,1:04,Tirunelveli,Birthday,,
708,C002,62,3,3/3/2023,10:59,12/3/2023,5:05,Ozhukarai,Holi,,
709,C016,53,5,29/08/2023,4:38,7/9/2023,17:29,Kolkata,Raksha Bandhan,,
710,C087,54,5,22/05/2023,1:33,29/05/2023,1:43,Jalna,Anniversary,,
711,C093,68,3,4/2/2023,17:15,6/2/2023,14:50,Tiruppur,Valentine's Day,,
712,C057,65,5,11/7/2023,13:00,13/07/2023,6:34,Hazaribagh,All Occasions,,
713,C081,37,3,8/11/2023,23:24,15/11/2023,22:51,Tiruppur,Diwali,,
714,C053,63,2,1/6/2023,19:28,3/6/2023,7:54,Dhule,All Occasions,,
715,C069,38,4,14/04/2023,5:16,21/04/2023,16:39,Tenali,Birthday,,
716,C076,40,3,19/08/2023,23:18,26/08/2023,1:39,Berhampore,Anniversary,,
717,C059,67,5,25/06/2023,6:18,26/06/2023,23:20,Yamunanagar,Anniversary,,
718,C028,49,1,9/2/2023,5:13,13/02/2023,6:22,Jabalpur,Valentine's Day,,
719,C092,57,3,12/7/2023,7:44,19/07/2023,1:51,Phagwara,Birthday,,
720,C045,22,5,15/12/2023,14:42,20/12/2023,6:07,Vellore,All Occasions,,
721,C022,3,5,7/2/2023,3:28,17/02/2023,18:28,Vasai/Virar,Valentine's Day,,
722,C044,13,5,2/3/2023,17:30,8/3/2023,8:06,Mathura,Holi,,
723,C045,14,3,4/2/2023,18:00,5/2/2023,0:57,Mau,Birthday,,
724,C059,51,1,8/4/2023,23:02,16/04/2023,8:00,Pallavaram,All Occasions,,
725,C035,35,3,6/3/2023,23:23,11/3/2023,20:03,Kishanganj,Holi,,
726,C044,34,2,21/08/2023,19:10,31/08/2023,18:54,Hindupur,Raksha Bandhan,,
727,C061,12,5,18/11/2023,1:37,22/11/2023,16:22,Anand,Anniversary,,
728,C073,52,2,8/2/2023,13:45,11/2/2023,16:07,Panchkula,Valentine's Day,,
729,C030,17,1,23/02/2023,18:19,25/02/2023,11:51,Kollam,Anniversary,,
730,C097,59,1,22/08/2023,2:04,25/08/2023,22:39,Sangli/Miraj & Kupwad,Raksha Bandhan,,
731,C083,59,5,25/08/2023,12:01,2/9/2023,11:02,Bulandshahr,Raksha Bandhan,,
732,C087,1,2,16/10/2023,16:47,21/10/2023,18:56,Bongaigaon,All Occasions,,
733,C060,32,3,1/4/2023,0:51,3/4/2023,2:26,Ludhiana,Birthday,,
734,C008,49,3,11/2/2023,11:44,14/02/2023,9:06,Morena,Valentine's Day,,
735,C037,56,1,2/2/2023,7:22,4/2/2023,5:57,Nandyal,Anniversary,,
736,C008,70,5,2/5/2023,3:47,11/5/2023,4:38,Ghaziabad,Birthday,,
737,C068,46,5,14/09/2023,7:35,17/09/2023,13:37,Bhilwara,Anniversary,,
738,C098,16,5,3/3/2023,16:23,9/3/2023,1:36,Maheshtala,Holi,,
739,C094,24,5,30/01/2023,9:43,3/2/2023,10:33,Berhampur,Birthday,,
740,C004,56,4,7/11/2023,16:11,12/11/2023,10:07,Silchar,Anniversary,,
741,C072,53,5,23/08/2023,12:47,1/9/2023,21:37,Siwan,Raksha Bandhan,,
742,C089,53,5,24/08/2023,19:50,26/08/2023,15:58,Panchkula,Raksha Bandhan,,
743,C045,4,2,9/11/2023,13:28,13/11/2023,1:16,Tiruppur,Diwali,,
744,C023,45,4,13/10/2023,17:53,14/10/2023,8:02,Junagadh,Birthday,,
745,C052,44,1,7/11/2023,9:12,9/11/2023,0:30,Kolkata,Diwali,,
746,C051,35,2,2/3/2023,5:23,6/3/2023,6:24,Parbhani,Holi,,
747,C009,6,4,6/3/2023,3:43,11/3/2023,16:38,Dhanbad,Holi,,
748,C079,26,1,6/3/2023,11:13,7/3/2023,20:26,Tenali,Holi,,
749,C099,12,2,19/06/2023,13:13,24/06/2023,3:37,Nanded,Anniversary,,
750,C022,19,3,8/2/2023,9:22,14/02/2023,22:24,Chapra,Valentine's Day,,
751,C084,23,5,10/4/2023,7:12,15/04/2023,1:52,Gandhidham,Anniversary,,
752,C034,3,5,10/2/2023,11:38,12/2/2023,10:35,Bally,Valentine's Day,,
753,C045,60,1,6/11/2023,6:55,12/11/2023,4:49,Tinsukia,Diwali,,
754,C083,51,2,1/11/2023,20:40,8/11/2023,22:13,Pimpri/Chinchwad,All Occasions,,
755,C037,6,5,27/02/2023,16:33,6/3/2023,2:16,Aurangabad,Holi,,
756,C034,51,4,29/07/2023,18:25,3/8/2023,9:56,Buxar,All Occasions,,
757,C001,2,3,12/2/2023,10:23,20/02/2023,4:40,Shivpuri,Valentine's Day,,
758,C043,40,5,16/10/2023,9:12,20/10/2023,3:46,Ajmer,Anniversary,,
759,C084,48,5,2/11/2023,6:12,11/11/2023,6:06,Bathinda,Diwali,,
760,C043,18,1,19/09/2023,2:28,21/09/2023,13:29,Ghaziabad,Birthday,,
761,C008,24,5,18/04/2023,3:25,25/04/2023,11:53,Ambala,Birthday,,
762,C064,50,1,26/02/2023,10:11,1/3/2023,3:56,Bangalore,Holi,,
763,C070,29,4,2/3/2023,15:22,4/3/2023,4:30,Nellore,Holi,,
764,C039,65,3,1/8/2023,19:59,5/8/2023,9:24,Berhampur,All Occasions,,
765,C055,41,2,3/11/2023,2:37,6/11/2023,3:52,Ambala,Diwali,,
766,C077,1,4,2/7/2023,16:28,7/7/2023,0:19,Hospet,All Occasions,,
767,C077,13,2,3/3/2023,2:21,4/3/2023,0:14,Rohtak,Holi,,
768,C087,1,1,11/11/2023,18:37,16/11/2023,12:19,Howrah,All Occasions,,
769,C029,28,2,25/08/2023,9:37,2/9/2023,20:10,Ongole,Raksha Bandhan,,
770,C080,25,3,29/05/2023,0:20,7/6/2023,9:39,Pallavaram,Anniversary,,
771,C056,9,2,26/08/2023,17:00,1/9/2023,10:54,Vijayanagaram,Raksha Bandhan,,
772,C085,35,5,1/3/2023,5:03,4/3/2023,8:20,Machilipatnam,Holi,,
773,C031,39,4,7/1/2023,2:11,13/01/2023,23:47,Karaikudi,All Occasions,,
774,C051,65,5,17/06/2023,21:28,27/06/2023,3:01,Begusarai,All Occasions,,
775,C077,45,1,19/02/2023,3:48,24/02/2023,23:31,Anand,Birthday,,
776,C051,43,1,9/11/2023,7:28,12/11/2023,21:39,Alwar,Diwali,,
777,C016,70,3,24/02/2023,15:33,27/02/2023,11:29,Bhusawal,Birthday,,
778,C033,61,4,10/5/2023,3:58,13/05/2023,11:57,Raebareli,Anniversary,,
779,C052,3,1,6/2/2023,6:26,8/2/2023,2:51,Durgapur,Valentine's Day,,
780,C070,33,2,10/2/2023,11:30,13/02/2023,4:28,Bikaner,Valentine's Day,,
781,C084,40,2,27/09/2023,15:26,5/10/2023,19:39,Muzaffarnagar,Anniversary,,
782,C087,22,4,18/04/2023,5:41,26/04/2023,19:25,Shimoga,All Occasions,,
783,C024,55,5,28/08/2023,4:31,29/08/2023,5:10,Visakhapatnam,Raksha Bandhan,,
784,C042,56,2,2/6/2023,8:25,7/6/2023,6:16,Bhalswa Jahangir Pur,Anniversary,,
785,C052,47,5,26/02/2023,17:41,1/3/2023,13:09,Jodhpur,Holi,,
786,C003,47,1,5/3/2023,22:47,7/3/2023,7:16,Kirari Suleman Nagar,Holi,,
787,C069,9,1,25/08/2023,21:42,27/08/2023,14:10,Ambarnath,Raksha Bandhan,,
788,C099,53,3,24/08/2023,4:58,27/08/2023,8:56,Durgapur,Raksha Bandhan,,
789,C048,58,4,8/2/2023,18:19,15/02/2023,8:00,Bally,Valentine's Day,,
790,C046,26,2,28/02/2023,6:03,8/3/2023,4:20,Chennai,Holi,,
791,C093,51,2,6/5/2023,2:29,9/5/2023,6:53,Bhubaneswar,All Occasions,,
792,C015,43,2,9/11/2023,7:00,10/11/2023,5:14,Munger,Diwali,,
793,C095,58,5,5/2/2023,17:37,15/02/2023,1:28,Mirzapur,Valentine's Day,,
794,C079,13,4,4/3/2023,17:11,9/3/2023,14:51,Shimoga,Holi,,
795,C070,7,1,3/3/2023,17:58,7/3/2023,22:17,Ujjain,Holi,,
796,C002,61,4,5/5/2023,7:53,14/05/2023,8:08,Rajkot,Anniversary,,
797,C047,13,2,3/3/2023,20:57,10/3/2023,4:29,Tiruvottiyur,Holi,,
798,C043,30,5,17/12/2023,17:35,26/12/2023,1:52,Sultan Pur Majra,Anniversary,,
799,C084,32,5,22/10/2023,1:50,1/11/2023,20:22,Patna,Birthday,,
800,C014,24,5,17/06/2023,21:50,21/06/2023,7:12,Machilipatnam,Birthday,,
801,C058,35,1,7/3/2023,19:15,15/03/2023,6:35,Dindigul,Holi,,
802,C097,45,3,23/03/2023,12:37,26/03/2023,6:19,Dibrugarh,Birthday,,
803,C040,26,1,3/3/2023,12:03,10/3/2023,2:50,Sambalpur,Holi,,
804,C009,3,3,5/2/2023,5:37,7/2/2023,1:58,Deoghar,Valentine's Day,,
805,C028,24,3,11/6/2023,14:39,14/06/2023,18:07,Bareilly,Birthday,,
806,C088,29,2,28/02/2023,13:01,8/3/2023,6:38,Jhansi,Holi,,
807,C006,40,4,29/11/2023,16:20,9/12/2023,3:09,Bhopal,Anniversary,,
808,C002,9,2,29/08/2023,15:36,30/08/2023,10:11,Raurkela Industrial Township,Raksha Bandhan,,
809,C062,35,1,7/3/2023,19:50,17/03/2023,1:51,Ludhiana,Holi,,
810,C059,24,3,15/12/2023,5:57,17/12/2023,12:05,New Delhi,Birthday,,
811,C020,14,5,18/10/2023,12:04,25/10/2023,21:55,Bellary,Birthday,,
812,C058,40,2,12/12/2023,17:19,14/12/2023,1:28,Ongole,Anniversary,,
813,C094,32,4,19/01/2023,8:53,23/01/2023,22:01,Bhind,Birthday,,
814,C094,47,5,5/3/2023,1:59,14/03/2023,4:41,Kumbakonam,Holi,,
815,C098,61,3,29/09/2023,7:08,8/10/2023,14:46,Bhatpara,Anniversary,,
816,C042,35,3,28/02/2023,19:44,10/3/2023,13:41,Ujjain,Holi,,
817,C066,21,2,28/08/2023,5:37,1/9/2023,22:05,Jalandhar,Raksha Bandhan,,
818,C004,8,4,2/3/2023,7:51,9/3/2023,9:07,Thrissur,Anniversary,,
819,C052,55,5,22/08/2023,13:05,24/08/2023,1:32,Kottayam,Raksha Bandhan,,
820,C033,64,3,22/08/2023,5:51,26/08/2023,4:52,Hapur,Raksha Bandhan,,
821,C050,32,4,27/02/2023,20:15,7/3/2023,22:46,Bareilly,Birthday,,
822,C075,41,5,9/11/2023,3:23,12/11/2023,4:15,Indore,Diwali,,
823,C087,64,3,27/08/2023,15:23,1/9/2023,14:52,Alappuzha,Raksha Bandhan,,
824,C097,46,4,6/5/2023,7:56,7/5/2023,15:23,Muzaffarpur,Anniversary,,
825,C044,25,5,30/06/2023,10:50,1/7/2023,18:08,Nellore,Anniversary,,
826,C077,16,5,2/3/2023,20:02,8/3/2023,6:16,Udaipur,Holi,,
827,C086,9,1,29/08/2023,22:10,30/08/2023,0:51,Surendranagar Dudhrej,Raksha Bandhan,,
828,C044,8,3,24/10/2023,16:47,1/11/2023,22:18,Gwalior,Anniversary,,
829,C020,42,4,19/12/2023,18:35,26/12/2023,10:18,Visakhapatnam,All Occasions,,
830,C007,46,2,12/1/2023,19:18,15/01/2023,5:04,Indore,Anniversary,,
831,C079,56,5,24/05/2023,18:41,3/6/2023,19:06,Rajahmundry,Anniversary,,
832,C026,65,4,1/2/2023,18:56,10/2/2023,2:19,Etawah,All Occasions,,
833,C002,26,3,5/3/2023,0:40,13/03/2023,1:40,Shahjahanpur,Holi,,
834,C029,60,5,3/11/2023,18:35,12/11/2023,14:01,Thrissur,Diwali,,
835,C089,32,2,5/7/2023,17:35,6/7/2023,23:34,Cuttack,Birthday,,
836,C020,44,5,8/11/2023,2:36,11/11/2023,3:11,Tumkur,Diwali,,
837,C036,14,5,19/12/2023,12:57,21/12/2023,0:00,Raebareli,Birthday,,
838,C003,19,3,9/2/2023,10:18,17/02/2023,6:09,Sirsa,Valentine's Day,,
839,C072,51,4,2/11/2023,3:51,12/11/2023,1:49,Udupi,All Occasions,,
840,C031,67,2,13/01/2023,19:19,16/01/2023,11:50,Tirunelveli,Anniversary,,
841,C041,26,5,7/3/2023,6:16,12/3/2023,23:16,Bhalswa Jahangir Pur,Holi,,
842,C085,46,2,29/12/2023,17:11,1/1/2024,2:27,Kulti,Anniversary,,
843,C007,68,1,11/2/2023,21:46,12/2/2023,19:27,Bikaner,Valentine's Day,,
844,C067,51,1,9/10/2023,19:12,10/10/2023,9:48,Satara,All Occasions,,
845,C032,57,5,17/10/2023,18:51,25/10/2023,2:55,Hospet,Birthday,,
846,C069,15,4,28/11/2023,2:47,2/12/2023,6:56,Bhalswa Jahangir Pur,Anniversary,,
847,C009,44,4,7/11/2023,18:10,12/11/2023,10:21,Bareilly,Diwali,,
848,C005,6,1,6/3/2023,16:52,10/3/2023,22:26,Shimla,Holi,,
849,C013,57,1,12/3/2023,1:16,14/03/2023,0:50,Panipat,Birthday,,
850,C092,21,4,23/08/2023,23:15,25/08/2023,10:31,Darbhanga,Raksha Bandhan,,
851,C030,13,3,6/3/2023,11:31,10/3/2023,18:17,Singrauli,Holi,,
852,C035,44,2,11/11/2023,9:41,14/11/2023,14:15,Ozhukarai,Diwali,,
853,C050,51,3,17/09/2023,21:14,23/09/2023,14:27,Jorhat,All Occasions,,
854,C016,62,3,27/02/2023,2:00,2/3/2023,2:51,Bhind,Holi,,
855,C033,57,5,7/8/2023,23:50,17/08/2023,20:15,Allahabad,Birthday,,
856,C077,21,2,27/08/2023,17:40,2/9/2023,16:16,Kanpur,Raksha Bandhan,,
857,C053,63,1,9/2/2023,9:22,18/02/2023,14:00,Bareilly,All Occasions,,
858,C046,44,4,8/11/2023,1:51,9/11/2023,16:01,Saharanpur,Diwali,,
859,C047,43,1,10/11/2023,7:06,15/11/2023,1:46,Varanasi,Diwali,,
860,C064,14,1,10/1/2023,19:29,13/01/2023,13:30,Adoni,Birthday,,
861,C030,32,1,9/2/2023,8:19,14/02/2023,2:37,Bidar,Birthday,,
862,C049,6,4,7/3/2023,5:51,15/03/2023,8:23,Shimoga,Holi,,
863,C099,20,3,5/6/2023,9:28,15/06/2023,3:13,Jehanabad,Anniversary,,
864,C033,11,1,11/2/2023,19:34,15/02/2023,8:05,Lucknow,Valentine's Day,,
865,C032,19,1,12/2/2023,18:09,13/02/2023,6:38,Kumbakonam,Valentine's Day,,
866,C021,15,5,10/8/2023,20:06,11/8/2023,8:02,Medininagar,Anniversary,,
867,C014,48,1,2/11/2023,12:22,4/11/2023,5:08,Hajipur,Diwali,,
868,C099,32,1,22/08/2023,1:01,30/08/2023,10:09,Anand,Birthday,,
869,C032,3,5,6/2/2023,10:03,11/2/2023,23:16,Hazaribagh,Valentine's Day,,
870,C018,43,5,5/11/2023,15:13,7/11/2023,6:49,Pallavaram,Diwali,,
871,C062,15,1,11/6/2023,6:05,15/06/2023,20:56,Secunderabad,Anniversary,,
872,C094,13,2,5/3/2023,20:27,10/3/2023,1:32,Bokaro,Holi,,
873,C027,64,4,26/08/2023,10:57,5/9/2023,15:45,Nandyal,Raksha Bandhan,,
874,C010,68,1,11/2/2023,12:42,21/02/2023,17:35,Ramagundam,Valentine's Day,,
875,C011,13,1,5/3/2023,21:22,14/03/2023,19:57,Purnia,Holi,,
876,C016,4,4,6/11/2023,9:38,14/11/2023,20:47,Jaunpur,Diwali,,
877,C041,46,5,9/3/2023,23:16,18/03/2023,12:27,Hazaribagh,Anniversary,,
878,C057,4,2,10/11/2023,16:36,19/11/2023,16:45,Singrauli,Diwali,,
879,C092,33,2,7/2/2023,5:34,10/2/2023,11:27,Kishanganj,Valentine's Day,,
880,C044,34,5,29/08/2023,22:14,31/08/2023,4:54,Purnia,Raksha Bandhan,,
881,C015,28,4,21/08/2023,15:17,28/08/2023,12:59,New Delhi,Raksha Bandhan,,
882,C089,64,2,29/08/2023,5:32,8/9/2023,16:14,Srikakulam,Raksha Bandhan,,
883,C041,36,4,16/07/2023,19:44,17/07/2023,21:03,Shahjahanpur,Birthday,,
884,C091,10,3,18/03/2023,22:15,27/03/2023,18:59,Tezpur,Birthday,,
885,C084,42,2,17/10/2023,19:52,21/10/2023,18:46,Pudukkottai,All Occasions,,
886,C045,53,3,21/08/2023,8:23,25/08/2023,19:52,Nanded,Raksha Bandhan,,
887,C091,51,3,29/06/2023,17:20,30/06/2023,9:55,Visakhapatnam,All Occasions,,
888,C014,69,3,6/3/2023,11:34,11/3/2023,15:14,Gandhinagar,Holi,,
889,C050,36,3,16/08/2023,23:06,18/08/2023,10:05,Bangalore,Birthday,,
890,C064,45,4,23/03/2023,23:25,27/03/2023,11:38,Kharagpur,Birthday,,
891,C027,58,2,8/2/2023,14:56,16/02/2023,23:54,Shivpuri,Valentine's Day,,
892,C025,11,4,6/2/2023,18:33,7/2/2023,1:26,Thrissur,Valentine's Day,,
893,C010,63,3,28/03/2023,15:40,7/4/2023,14:49,Sangli/Miraj & Kupwad,All Occasions,,
894,C092,54,4,14/10/2023,14:05,21/10/2023,23:10,Proddatur,Anniversary,,
895,C066,45,1,28/03/2023,18:45,6/4/2023,2:53,Sambhal,Birthday,,
896,C053,46,1,5/4/2023,4:13,10/4/2023,12:50,Haldia,Anniversary,,
897,C031,34,5,25/08/2023,7:53,1/9/2023,14:02,Dhule,Raksha Bandhan,,
898,C018,52,1,9/2/2023,6:18,13/02/2023,23:13,Kadapa,Valentine's Day,,
899,C011,63,1,17/12/2023,21:29,24/12/2023,0:16,Bijapur,All Occasions,,
900,C027,57,3,7/4/2023,15:09,15/04/2023,8:30,Sagar,Birthday,,
901,C043,27,4,22/08/2023,7:55,27/08/2023,1:32,Deoghar,Raksha Bandhan,,
902,C025,32,5,22/03/2023,13:29,24/03/2023,12:24,Bidar,Birthday,,
903,C066,63,2,15/09/2023,17:42,22/09/2023,19:28,Bhusawal,All Occasions,,
904,C013,2,4,12/2/2023,22:05,17/02/2023,1:05,Mira/Bhayandar,Valentine's Day,,
905,C080,58,1,10/2/2023,19:31,16/02/2023,8:32,Ichalkaranji,Valentine's Day,,
906,C100,49,3,6/2/2023,1:16,16/02/2023,9:14,Jalandhar,Valentine's Day,,
907,C046,30,2,19/04/2023,21:36,25/04/2023,11:12,Burhanpur,Anniversary,,
908,C090,28,5,22/08/2023,15:51,24/08/2023,22:50,Ozhukarai,Raksha Bandhan,,
909,C084,42,1,4/11/2023,7:43,8/11/2023,22:25,Hyderabad,All Occasions,,
910,C066,55,4,26/08/2023,2:03,4/9/2023,17:03,Kamarhati,Raksha Bandhan,,
911,C071,22,4,23/01/2023,5:18,28/01/2023,1:35,Nangloi Jat,All Occasions,,
912,C062,9,4,29/08/2023,3:09,6/9/2023,11:36,Ghaziabad,Raksha Bandhan,,
913,C092,56,5,10/12/2023,18:39,12/12/2023,5:37,Bharatpur,Anniversary,,
914,C048,33,4,9/2/2023,14:52,14/02/2023,9:47,Sambhal,Valentine's Day,,
915,C014,35,1,6/3/2023,21:12,14/03/2023,5:32,Uluberia,Holi,,
916,C063,33,2,6/2/2023,4:23,14/02/2023,21:19,Darbhanga,Valentine's Day,,
917,C052,12,3,24/01/2023,5:56,29/01/2023,11:04,Bareilly,Anniversary,,
918,C083,19,2,12/2/2023,18:13,21/02/2023,22:02,Pali,Valentine's Day,,
919,C038,35,5,28/02/2023,8:27,4/3/2023,0:05,Delhi,Holi,,
920,C026,45,1,29/06/2023,20:23,8/7/2023,23:41,Gorakhpur,Birthday,,
921,C078,23,4,18/09/2023,13:52,23/09/2023,7:22,Ghaziabad,Anniversary,,
922,C009,23,1,14/12/2023,9:16,18/12/2023,8:03,Mahbubnagar,Anniversary,,
923,C034,7,4,27/02/2023,14:37,28/02/2023,22:01,Ahmedabad,Holi,,
924,C013,17,1,25/03/2023,9:47,4/4/2023,22:56,Sagar,Anniversary,,
925,C012,31,1,8/1/2023,0:55,12/1/2023,6:39,Pallavaram,All Occasions,,
926,C049,40,4,28/03/2023,23:01,31/03/2023,23:51,Kulti,Anniversary,,
927,C100,43,4,3/11/2023,6:38,11/11/2023,5:00,Gopalpur,Diwali,,
928,C012,23,3,19/11/2023,11:06,27/11/2023,10:16,Bihar Sharif,Anniversary,,
929,C085,23,1,19/03/2023,7:00,26/03/2023,13:02,Kavali,Anniversary,,
930,C083,61,3,3/6/2023,15:52,7/6/2023,19:41,Gangtok,Anniversary,,
931,C053,14,1,17/04/2023,19:48,19/04/2023,10:25,Mahbubnagar,Birthday,,
932,C038,63,2,29/10/2023,16:32,2/11/2023,22:17,Durgapur,All Occasions,,
933,C038,51,3,14/11/2023,12:17,23/11/2023,2:50,Muzaffarnagar,All Occasions,,
934,C022,27,5,22/08/2023,0:41,23/08/2023,8:38,Agartala,Raksha Bandhan,,
935,C046,27,5,20/08/2023,9:38,29/08/2023,17:18,Kurnool,Raksha Bandhan,,
936,C045,43,4,2/11/2023,21:26,8/11/2023,10:03,Bardhaman,Diwali,,
937,C097,51,2,11/3/2023,3:57,15/03/2023,19:27,Rohtak,All Occasions,,
938,C005,59,3,29/08/2023,18:12,8/9/2023,1:17,Ratlam,Raksha Bandhan,,
939,C084,9,4,20/08/2023,20:55,21/08/2023,4:36,Bhilai,Raksha Bandhan,,
940,C082,57,4,11/1/2023,23:38,12/1/2023,4:04,Orai,Birthday,,
941,C058,18,4,19/05/2023,9:16,22/05/2023,10:28,Bidar,Birthday,,
942,C024,51,1,23/12/2023,4:59,26/12/2023,15:56,Surat,All Occasions,,
943,C026,22,4,19/02/2023,14:27,22/02/2023,19:05,Narasaraopet,All Occasions,,
944,C024,67,4,17/11/2023,20:34,21/11/2023,16:40,Amravati,Anniversary,,
945,C038,18,2,30/07/2023,12:00,6/8/2023,12:44,Raebareli,Birthday,,
946,C050,17,4,2/12/2023,11:07,9/12/2023,17:43,Ratlam,Anniversary,,
947,C100,38,3,6/10/2023,19:16,8/10/2023,23:24,Nadiad,Birthday,,
948,C061,26,3,4/3/2023,18:21,7/3/2023,13:11,Dehradun,Holi,,
949,C020,6,4,27/02/2023,20:55,6/3/2023,9:35,Begusarai,Holi,,
950,C014,39,3,16/10/2023,19:31,18/10/2023,21:09,Tiruchirappalli,All Occasions,,
951,C024,20,1,23/11/2023,15:34,25/11/2023,19:03,Bongaigaon,Anniversary,,
952,C027,49,4,12/2/2023,2:48,22/02/2023,9:19,Bidar,Valentine's Day,,
953,C076,40,1,3/9/2023,0:26,4/9/2023,7:33,Varanasi,Anniversary,,
954,C063,44,3,2/11/2023,4:01,3/11/2023,18:21,Ballia,Diwali,,
955,C015,24,4,3/6/2023,0:30,7/6/2023,9:07,Singrauli,Birthday,,
956,C037,34,5,29/08/2023,4:52,3/9/2023,14:53,Sagar,Raksha Bandhan,,
957,C038,23,1,15/12/2023,1:56,17/12/2023,21:07,Kanpur,Anniversary,,
958,C009,16,3,7/3/2023,14:02,14/03/2023,22:04,Bihar Sharif,Holi,,
959,C098,40,1,21/12/2023,1:54,26/12/2023,21:05,Raebareli,Anniversary,,
960,C032,48,3,5/11/2023,5:25,8/11/2023,9:56,Nadiad,Diwali,,
961,C016,1,5,1/2/2023,6:49,10/2/2023,20:54,Gulbarga,All Occasions,,
962,C028,17,5,29/09/2023,11:55,1/10/2023,16:15,Kalyan/Dombivli,Anniversary,,
963,C025,29,1,3/3/2023,8:44,6/3/2023,10:36,Phagwara,Holi,,
964,C098,32,4,19/10/2023,6:39,23/10/2023,22:22,Jammu,Birthday,,
965,C080,62,1,2/3/2023,3:15,6/3/2023,17:20,Amaravati,Holi,,
966,C061,13,2,1/3/2023,2:21,10/3/2023,10:22,Nellore,Holi,,
967,C041,68,4,12/2/2023,0:21,20/02/2023,18:29,Siliguri,Valentine's Day,,
968,C002,9,2,25/08/2023,23:55,1/9/2023,20:24,Jaunpur,Raksha Bandhan,,
969,C004,42,4,30/08/2023,22:56,3/9/2023,3:22,Khammam,All Occasions,,
970,C020,54,4,13/04/2023,3:26,21/04/2023,21:37,Siliguri,Anniversary,,
971,C027,47,1,2/3/2023,4:02,10/3/2023,19:17,Sultan Pur Majra,Holi,,
972,C026,30,2,30/04/2023,1:34,2/5/2023,5:27,Ujjain,Anniversary,,
973,C031,66,3,26/02/2023,10:35,7/3/2023,3:46,Barasat,Holi,,
974,C014,17,4,4/11/2023,19:16,7/11/2023,16:11,Pallavaram,Anniversary,,
975,C077,62,2,4/3/2023,0:26,12/3/2023,8:03,Sultan Pur Majra,Holi,,
976,C017,17,2,19/05/2023,7:11,20/05/2023,8:38,Raichur,Anniversary,,
977,C005,47,2,5/3/2023,12:33,7/3/2023,23:39,Rajpur Sonarpur,Holi,,
978,C019,29,4,28/02/2023,8:59,9/3/2023,6:31,Barasat,Holi,,
979,C030,9,4,28/08/2023,18:43,31/08/2023,20:12,Adoni,Raksha Bandhan,,
980,C067,12,5,21/09/2023,20:35,30/09/2023,0:43,Bijapur,Anniversary,,
981,C014,46,2,2/4/2023,20:01,3/4/2023,20:21,Dehradun,Anniversary,,
982,C019,47,4,28/02/2023,18:56,4/3/2023,3:11,Srinagar,Holi,,
983,C094,70,1,25/03/2023,9:39,1/4/2023,6:38,Satna,Birthday,,
984,C058,65,1,3/8/2023,22:31,7/8/2023,16:39,Ballia,All Occasions,,
985,C070,31,4,5/10/2023,11:27,13/10/2023,16:53,Ludhiana,All Occasions,,
986,C086,1,2,3/11/2023,16:41,5/11/2023,22:43,Bally,All Occasions,,
987,C018,65,3,20/12/2023,9:13,25/12/2023,4:10,Bulandshahr,All Occasions,,
988,C020,4,3,10/11/2023,9:47,15/11/2023,10:29,Mau,Diwali,,
989,C017,52,3,6/2/2023,8:11,15/02/2023,2:00,Bidhannagar,Valentine's Day,,
990,C021,42,2,4/12/2023,22:20,8/12/2023,23:57,Amritsar,All Occasions,,
991,C054,36,5,9/2/2023,15:01,15/02/2023,17:16,Barasat,Birthday,,
992,C091,43,3,2/11/2023,14:09,3/11/2023,19:32,Chittoor,Diwali,,
993,C082,61,5,8/10/2023,21:34,14/10/2023,15:55,Kishanganj,Anniversary,,
994,C004,68,2,13/02/2023,22:44,21/02/2023,6:45,Chandigarh,Valentine's Day,,
995,C089,57,2,20/07/2023,0:40,27/07/2023,11:42,Muzaffarnagar,Birthday,,
996,C077,25,5,13/05/2023,6:55,19/05/2023,5:41,Faridabad,Anniversary,,
997,C098,19,2,4/2/2023,4:28,10/2/2023,11:50,Vasai/Virar,Valentine's Day,,
998,C046,44,1,6/11/2023,16:17,14/11/2023,4:33,Ballia,Diwali,,
999,C054,52,2,6/2/2023,22:40,10/2/2023,12:29,Miryalaguda,Valentine's Day,,
1000,C012,27,4,25/08/2023,1:22,31/08/2023,6:57,Tadepalligudem,Raksha Bandhan,,
